STATION,STATION_NAME,ELEVATION,LATITUDE,LONGITUDE,DATE,EMXP,Measurement Flag,Quality Flag,Number of Days,Units,MXSD,Measurement Flag,Quality Flag,Number of Days,Units,DSNW,Measurement Flag,Quality Flag,Number of Days,Units,TPCP,Measurement Flag,Quality Flag,Number of Days,Units,TSNW,Measurement Flag,Quality Flag,Number of Days,Units
COOP:509686,VALDEZ WEATHER SERVICE OFFICE AK US,18.3,61.13333,-146.25,196406,81, , ,30,HI,0, , ,99,I,0, , ,00,NA,448, , ,00,HI,0, , ,00,TI
COOP:509686,VALDEZ WEATHER SERVICE OFFICE AK US,18.3,61.13333,-146.25,196407,63, , ,11,HI,0, , ,99,I,0, , ,00,NA,325, , ,00,HI,0, , ,00,TI
COOP:509686,VALDEZ WEATHER SERVICE OFFICE AK US,18.3,61.13333,-146.25,196408,110, , ,23,HI,0, , ,99,I,0, , ,00,NA,516, , ,00,HI,0, , ,00,TI
COOP:509686,VALDEZ WEATHER SERVICE OFFICE AK US,18.3,61.13333,-146.25,196409,128, , ,22,HI,0, , ,99,I,0, , ,00,NA,364, , ,00,HI,0, , ,00,TI
COOP:509686,VALDEZ WEATHER SERVICE OFFICE AK US,18.3,61.13333,-146.25,196410,155, , ,05,HI,8, , ,20,I,12, , ,00,NA,682, , ,00,HI,75, , ,00,TI
COOP:509686,VALDEZ WEATHER SERVICE OFFICE AK US,18.3,61.13333,-146.25,196411,287, , ,18,HI,16, , ,14,I,30, , ,00,NA,1155, , ,00,HI,-9999, , , , 
COOP:509686,VALDEZ WEATHER SERVICE OFFICE AK US,18.3,61.13333,-146.25,196412,136, , ,06,HI,30,+, ,18,I,31, , ,00,NA,316, , ,00,HI,293, , ,00,TI
COOP:509686,VALDEZ WEATHER SERVICE OFFICE AK US,18.3,61.13333,-146.25,196501,95, , ,13,HI,36, , ,16,I,31, , ,00,NA,342,E, ,00,HI,303, , ,00,TI
COOP:509686,VALDEZ WEATHER SERVICE OFFICE AK US,18.3,61.13333,-146.25,196502,90, , ,12,HI,50, , ,14,I,28, , ,00,NA,232, , ,00,HI,293, , ,00,TI
COOP:509686,VALDEZ WEATHER SERVICE OFFICE AK US,18.3,61.13333,-146.25,196503,130, , ,09,HI,65, , ,06,I,31, , ,00,NA,689, , ,00,HI,340, , ,00,TI
COOP:509686,VALDEZ WEATHER SERVICE OFFICE AK US,18.3,61.13333,-146.25,196504,177, , ,25,HI,30,+, ,03,I,22, , ,00,NA,389, , ,00,HI,150, , ,00,TI
COOP:509686,VALDEZ WEATHER SERVICE OFFICE AK US,18.3,61.13333,-146.25,196505,80,+, ,30,HI,0, , ,99,I,0, , ,00,NA,480, , ,00,HI,30, , ,00,TI
COOP:509686,VALDEZ WEATHER SERVICE OFFICE AK US,18.3,61.13333,-146.25,196506,115, , ,07,HI,0, , ,99,I,0, , ,00,NA,355, , ,00,HI,0, , ,00,TI
COOP:509686,VALDEZ WEATHER SERVICE OFFICE AK US,18.3,61.13333,-146.25,196507,73, , ,28,HI,0, , ,99,I,0, , ,00,NA,404, , ,00,HI,0, , ,00,TI
COOP:509686,VALDEZ WEATHER SERVICE OFFICE AK US,18.3,61.13333,-146.25,196508,76, , ,11,HI,0, , ,99,I,0, , ,00,NA,414, , ,00,HI,0, , ,00,TI
COOP:509686,VALDEZ WEATHER SERVICE OFFICE AK US,18.3,61.13333,-146.25,196509,120, , ,07,HI,0, , ,99,I,0, , ,00,NA,950, , ,00,HI,0, , ,00,TI
COOP:509686,VALDEZ WEATHER SERVICE OFFICE AK US,18.3,61.13333,-146.25,196510,300, , ,10,HI,10, , ,23,I,16, , ,00,NA,875, , ,00,HI,140, , ,00,TI
COOP:509686,VALDEZ WEATHER SERVICE OFFICE AK US,18.3,61.13333,-146.25,196511,47, , ,25,HI,14, , ,30,I,30, , ,00,NA,197, , ,00,HI,217, , ,00,TI
COOP:509686,VALDEZ WEATHER SERVICE OFFICE AK US,18.3,61.13333,-146.25,196512,97, , ,14,HI,47,+, ,21,I,31, , ,00,NA,396, , ,00,HI,490, , ,00,TI
COOP:509686,VALDEZ WEATHER SERVICE OFFICE AK US,18.3,61.13333,-146.25,196601,62, , ,30,HI,34,+, ,31,I,31, , ,00,NA,137, , ,00,HI,240, , ,00,TI
COOP:509686,VALDEZ WEATHER SERVICE OFFICE AK US,18.3,61.13333,-146.25,196602,70, , ,10,HI,57, , ,10,I,28, , ,00,NA,246,E, ,00,HI,384, , ,00,TI
COOP:509686,VALDEZ WEATHER SERVICE OFFICE AK US,18.3,61.13333,-146.25,196603,113, , ,12,HI,54, , ,13,I,31, , ,00,NA,492, , ,00,HI,512, , ,00,TI
COOP:509686,VALDEZ WEATHER SERVICE OFFICE AK US,18.3,61.13333,-146.25,196604,71, , ,04,HI,41, , ,02,I,30, , ,00,NA,283, , ,00,HI,103, , ,00,TI
COOP:509686,VALDEZ WEATHER SERVICE OFFICE AK US,18.3,61.13333,-146.25,196605,58, , ,07,HI,2, , ,01,I,2, , ,00,NA,329, , ,00,HI,0, , ,00,TI
COOP:509686,VALDEZ WEATHER SERVICE OFFICE AK US,18.3,61.13333,-146.25,196606,84, , ,10,HI,0, , ,99,I,0, , ,00,NA,203, , ,00,HI,0, , ,00,TI
COOP:509686,VALDEZ WEATHER SERVICE OFFICE AK US,18.3,61.13333,-146.25,196607,90, , ,28,HI,0, , ,99,I,0, , ,00,NA,217, , ,00,HI,0, , ,00,TI
COOP:509686,VALDEZ WEATHER SERVICE OFFICE AK US,18.3,61.13333,-146.25,196608,185, , ,22,HI,0, , ,99,I,0, , ,00,NA,1094, , ,00,HI,0, , ,00,TI
COOP:509686,VALDEZ WEATHER SERVICE OFFICE AK US,18.3,61.13333,-146.25,196609,250, , ,12,HI,0, , ,99,I,0, , ,00,NA,1076, , ,00,HI,0, , ,00,TI
COOP:509686,VALDEZ WEATHER SERVICE OFFICE AK US,18.3,61.13333,-146.25,196610,64, , ,08,HI,0,T, ,26,I,0, , ,00,NA,360, , ,00,HI,10, , ,00,TI
COOP:509686,VALDEZ WEATHER SERVICE OFFICE AK US,18.3,61.13333,-146.25,196611,95, , ,02,HI,12,+, ,27,I,24, , ,00,NA,305, , ,00,HI,243, , ,00,TI
COOP:509686,VALDEZ WEATHER SERVICE OFFICE AK US,18.3,61.13333,-146.25,196612,120, , ,27,HI,37, , ,29,I,19, , ,00,NA,523, , ,00,HI,464, , ,00,TI
COOP:509686,VALDEZ WEATHER SERVICE OFFICE AK US,18.3,61.13333,-146.25,196701,48, , ,01,HI,48,+, ,09,I,31, , ,00,NA,136, , ,00,HI,242, , ,00,TI
COOP:509686,VALDEZ WEATHER SERVICE OFFICE AK US,18.3,61.13333,-146.25,196702,176, , ,06,HI,35, , ,18,I,28, , ,00,NA,413,E, ,00,HI,371, , ,00,TI
COOP:509686,VALDEZ WEATHER SERVICE OFFICE AK US,18.3,61.13333,-146.25,196703,120, , ,02,HI,60, , ,07,I,31, , ,00,NA,410,E, ,00,HI,437, , ,00,TI
COOP:509686,VALDEZ WEATHER SERVICE OFFICE AK US,18.3,61.13333,-146.25,196704,61, , ,02,HI,16, , ,02,I,30, , ,00,NA,155, , ,00,HI,80, , ,00,TI
COOP:509686,VALDEZ WEATHER SERVICE OFFICE AK US,18.3,61.13333,-146.25,196705,71, , ,14,HI,3,+, ,02,I,4, , ,00,NA,152, , ,00,HI,0, , ,00,TI
COOP:509686,VALDEZ WEATHER SERVICE OFFICE AK US,18.3,61.13333,-146.25,196706,56, , ,06,HI,0, , ,99,I,-9999, , , , ,208, , ,00,HI,0, , ,00,TI
COOP:509686,VALDEZ WEATHER SERVICE OFFICE AK US,18.3,61.13333,-146.25,196707,41, , ,20,HI,0, , ,99,I,0, , ,00,NA,96, , ,00,HI,0, , ,00,TI
COOP:509686,VALDEZ WEATHER SERVICE OFFICE AK US,18.3,61.13333,-146.25,196708,18, , ,24,HI,0, , ,99,I,0, , ,00,NA,34, , ,00,HI,0, , ,00,TI
COOP:509686,VALDEZ WEATHER SERVICE OFFICE AK US,18.3,61.13333,-146.25,196709,21, , ,01,HI,0, , ,99,I,0, , ,00,NA,71, , ,00,HI,0, , ,00,TI
COOP:509686,VALDEZ WEATHER SERVICE OFFICE AK US,18.3,61.13333,-146.25,196710,13, , ,26,HI,0, , ,99,I,0, , ,00,NA,32,E, ,00,HI,0,T, ,00,TI
COOP:509686,VALDEZ WEATHER SERVICE OFFICE AK US,18.3,61.13333,-146.25,196711,201, , ,21,HI,14, , ,27,I,21, , ,00,NA,1130, , ,00,HI,262, , ,00,TI
COOP:509686,VALDEZ WEATHER SERVICE OFFICE AK US,18.3,61.13333,-146.25,196712,223, , ,13,HI,25,+, ,31,I,31, , ,00,NA,646, , ,00,HI,286, , ,00,TI
COOP:509686,VALDEZ WEATHER SERVICE OFFICE AK US,18.3,61.13333,-146.25,196801,91, , ,03,HI,38,+, ,05,I,31, , ,00,NA,215, , ,00,HI,339, , ,00,TI
COOP:509686,VALDEZ WEATHER SERVICE OFFICE AK US,18.3,61.13333,-146.25,196802,220, , ,09,HI,53,+, ,27,I,29, , ,00,NA,1365, , ,00,HI,507, , ,00,TI
COOP:509686,VALDEZ WEATHER SERVICE OFFICE AK US,18.3,61.13333,-146.25,196803,102, , ,03,HI,51, , ,01,I,-9999, , , , ,291, , ,00,HI,142, , ,00,TI
COOP:509686,VALDEZ WEATHER SERVICE OFFICE AK US,18.3,61.13333,-146.25,196804,52, , ,27,HI,40,+, ,02,I,30, , ,00,NA,88, , ,00,HI,20, , ,00,TI
COOP:509686,VALDEZ WEATHER SERVICE OFFICE AK US,18.3,61.13333,-146.25,196805,100, , ,15,HI,24,+, ,02,I,21, , ,00,NA,434, , ,00,HI,0, , ,00,TI
COOP:509686,VALDEZ WEATHER SERVICE OFFICE AK US,18.3,61.13333,-146.25,196806,12, , ,20,HI,0, , ,99,I,0, , ,00,NA,12, , ,00,HI,0, , ,00,TI
COOP:509686,VALDEZ WEATHER SERVICE OFFICE AK US,18.3,61.13333,-146.25,196807,14, , ,10,HI,0, , ,99,I,0, , ,00,NA,19, , ,00,HI,0, , ,00,TI
COOP:509686,VALDEZ WEATHER SERVICE OFFICE AK US,18.3,61.13333,-146.25,196808,131, , ,20,HI,0, , ,99,I,0, , ,00,NA,370, , ,00,HI,0, , ,00,TI
COOP:509686,VALDEZ WEATHER SERVICE OFFICE AK US,18.3,61.13333,-146.25,196809,151, , ,29,HI,0, , ,99,I,0, , ,00,NA,676, , ,00,HI,0, , ,00,TI
COOP:509686,VALDEZ WEATHER SERVICE OFFICE AK US,18.3,61.13333,-146.25,196810,101, , ,01,HI,-9999, , , , ,-9999, , , , ,392, , ,00,HI,70, , ,00,TI
COOP:509686,VALDEZ WEATHER SERVICE OFFICE AK US,18.3,61.13333,-146.25,196811,-9999, , , , ,-9999, , , , ,-9999, , , , ,605,E, ,00,HI,-9999, , , , 
COOP:509686,VALDEZ WEATHER SERVICE OFFICE AK US,18.3,61.13333,-146.25,196812,-9999, , , , ,-9999, , , , ,-9999, , , , ,446,E, ,00,HI,-9999, , , , 
COOP:509686,VALDEZ WEATHER SERVICE OFFICE AK US,18.3,61.13333,-146.25,196901,7, , ,30,HI,10,+, ,31,I,-9999, , , , ,9, , ,00,HI,80, , ,00,TI
COOP:509686,VALDEZ WEATHER SERVICE OFFICE AK US,18.3,61.13333,-146.25,196902,36, , ,11,HI,17, , ,20,I,28, , ,00,NA,134, , ,00,HI,202, , ,00,TI
COOP:509686,VALDEZ WEATHER SERVICE OFFICE AK US,18.3,61.13333,-146.25,196903,51, , ,23,HI,26, , ,22,I,-9999, , , , ,391, , ,00,HI,455, , ,00,TI
COOP:509686,VALDEZ WEATHER SERVICE OFFICE AK US,18.3,61.13333,-146.25,196904,30, , ,06,HI,16, , ,01,I,23, , ,00,NA,97, , ,00,HI,0, , ,00,TI
COOP:509686,VALDEZ WEATHER SERVICE OFFICE AK US,18.3,61.13333,-146.25,196906,33, , ,16,HI,0, , ,99,I,0, , ,00,NA,97, , ,00,HI,0, , ,00,TI
COOP:509686,VALDEZ WEATHER SERVICE OFFICE AK US,18.3,61.13333,-146.25,196907,84, , ,28,HI,0, , ,99,I,0, , ,00,NA,323, , ,00,HI,0, , ,00,TI
COOP:509686,VALDEZ WEATHER SERVICE OFFICE AK US,18.3,61.13333,-146.25,196908,-9999, , , , ,0, , ,99,I,0, , ,00,NA,-9999, , , , ,0, , ,00,TI
COOP:509686,VALDEZ WEATHER SERVICE OFFICE AK US,18.3,61.13333,-146.25,197111,311, , ,11,HI,33, , ,11,I,30, , ,00,NA,768, , ,00,HI,519, , ,00,TI
COOP:509686,VALDEZ WEATHER SERVICE OFFICE AK US,18.3,61.13333,-146.25,197112,69, , ,15,HI,37, , ,31,I,31, , ,00,NA,365, , ,00,HI,553, , ,00,TI
COOP:509686,VALDEZ WEATHER SERVICE OFFICE AK US,18.3,61.13333,-146.25,197201,129, , ,29,HI,36, , ,08,I,31, , ,00,NA,176, , ,00,HI,259, , ,00,TI
COOP:509686,VALDEZ WEATHER SERVICE OFFICE AK US,18.3,61.13333,-146.25,197202,122, , ,01,HI,52, , ,14,I,29, , ,00,NA,266, , ,00,HI,356, , ,00,TI
COOP:509686,VALDEZ WEATHER SERVICE OFFICE AK US,18.3,61.13333,-146.25,197203,50, , ,13,HI,46, , ,21,I,31, , ,00,NA,361, , ,00,HI,459, , ,00,TI
COOP:509686,VALDEZ WEATHER SERVICE OFFICE AK US,18.3,61.13333,-146.25,197204,-9999, , , , ,46, , ,18,I,30, , ,00,NA,-9999, , , , ,409, , ,00,TI
COOP:509686,VALDEZ WEATHER SERVICE OFFICE AK US,18.3,61.13333,-146.25,197205,109, , ,20,HI,27, , ,01,I,17, , ,00,NA,435, , ,00,HI,0,T, ,00,TI
COOP:509686,VALDEZ WEATHER SERVICE OFFICE AK US,18.3,61.13333,-146.25,197206,67, , ,17,HI,0, , ,99,I,0, , ,00,NA,278, , ,00,HI,0, , ,00,TI
COOP:509686,VALDEZ WEATHER SERVICE OFFICE AK US,18.3,61.13333,-146.25,197207,56, , ,27,HI,0, , ,99,I,0, , ,00,NA,144, , ,00,HI,0, , ,00,TI
COOP:509686,VALDEZ WEATHER SERVICE OFFICE AK US,18.3,61.13333,-146.25,197208,65, , ,15,HI,0, , ,99,I,0, , ,00,NA,319, , ,00,HI,0, , ,00,TI
COOP:509686,VALDEZ WEATHER SERVICE OFFICE AK US,26.5,61.13333,-146.35,197304,130, , ,30,HI,35,+, ,11,I,29, , ,00,NA,375, , ,00,HI,101, , ,00,TI
COOP:509686,VALDEZ WEATHER SERVICE OFFICE AK US,26.5,61.13333,-146.35,197306,-9999, , , , ,-9999, , , , ,0, , ,00,NA,-9999, , , , ,0, , ,00,TI
COOP:509686,VALDEZ WEATHER SERVICE OFFICE AK US,26.5,61.13333,-146.35,197308,151, , ,21,HI,0, , ,99,I,0, , ,00,NA,835, , ,00,HI,0, , ,00,TI
COOP:509686,VALDEZ WEATHER SERVICE OFFICE AK US,26.5,61.13333,-146.35,197309,67, , ,27,HI,0, , ,99,I,0, , ,00,NA,278, , ,00,HI,0, , ,00,TI
COOP:509686,VALDEZ WEATHER SERVICE OFFICE AK US,8.5,61.13333,-146.35,197310,120, , ,01,HI,1,+, ,17,I,2, , ,00,NA,435, , ,00,HI,39, , ,00,TI
COOP:509686,VALDEZ WEATHER SERVICE OFFICE AK US,8.5,61.13333,-146.35,197311,122, , ,24,HI,15, , ,24,I,13, , ,00,NA,243, , ,00,HI,290, , ,00,TI
COOP:509686,VALDEZ WEATHER SERVICE OFFICE AK US,7,61.13333,-146.35,197507,76, , ,19,HI,0, , ,99,I,0, , ,00,NA,430, , ,00,HI,0, , ,00,TI
COOP:509686,VALDEZ WEATHER SERVICE OFFICE AK US,7,61.13333,-146.35,197508,99, , ,18,HI,0, , ,99,I,0, , ,00,NA,341, , ,00,HI,0, , ,00,TI
COOP:509686,VALDEZ WEATHER SERVICE OFFICE AK US,7,61.13333,-146.35,197509,298, , ,11,HI,0, , ,99,I,0, , ,00,NA,1283, , ,00,HI,0, , ,00,TI
COOP:509686,VALDEZ WEATHER SERVICE OFFICE AK US,7,61.13333,-146.35,197510,134, , ,23,HI,6, , ,23,I,8, , ,00,NA,551, , ,00,HI,147, , ,00,TI
COOP:509686,VALDEZ WEATHER SERVICE OFFICE AK US,7,61.13333,-146.35,197511,21, , ,18,HI,3, , ,19,I,21, , ,00,NA,42, , ,00,HI,68, , ,00,TI
COOP:509686,VALDEZ WEATHER SERVICE OFFICE AK US,7,61.13333,-146.35,197512,157, , ,16,HI,38, , ,31,I,23, , ,00,NA,636, , ,00,HI,841, , ,00,TI
COOP:509686,VALDEZ WEATHER SERVICE OFFICE AK US,7,61.13333,-146.35,197601,124, , ,18,HI,56, , ,29,I,31, , ,00,NA,700, , ,00,HI,961, , ,00,TI
COOP:509686,VALDEZ WEATHER SERVICE OFFICE AK US,7,61.13333,-146.35,197602,118, , ,06,HI,62, , ,06,I,29, , ,00,NA,227, , ,00,HI,332, , ,00,TI
COOP:509686,VALDEZ WEATHER SERVICE OFFICE AK US,7,61.13333,-146.35,197603,101, , ,04,HI,76,+, ,26,I,31, , ,00,NA,380, , ,00,HI,755, , ,00,TI
COOP:509686,VALDEZ WEATHER SERVICE OFFICE AK US,7,61.13333,-146.35,197604,168, , ,26,HI,79, , ,02,I,30, , ,00,NA,547, , ,00,HI,406, , ,00,TI
COOP:509686,VALDEZ WEATHER SERVICE OFFICE AK US,7,61.13333,-146.35,197605,30, , ,26,HI,34, , ,01,I,12, , ,00,NA,253, , ,00,HI,0,T, ,00,TI
COOP:509686,VALDEZ WEATHER SERVICE OFFICE AK US,7,61.13333,-146.35,197606,35, , ,17,HI,0, , ,99,I,0, , ,00,NA,100, , ,00,HI,0, , ,00,TI
COOP:509686,VALDEZ WEATHER SERVICE OFFICE AK US,7,61.13333,-146.35,197607,80, , ,22,HI,0, , ,99,I,0, , ,00,NA,187, , ,00,HI,0, , ,00,TI
COOP:509686,VALDEZ WEATHER SERVICE OFFICE AK US,7,61.13333,-146.35,197608,63, , ,07,HI,0, , ,99,I,0, , ,00,NA,303, , ,00,HI,0, , ,00,TI
COOP:509686,VALDEZ WEATHER SERVICE OFFICE AK US,7,61.13333,-146.35,197609,259, , ,15,HI,0, , ,99,I,0, , ,00,NA,1258, , ,00,HI,0, , ,00,TI
COOP:509686,VALDEZ WEATHER SERVICE OFFICE AK US,7,61.13333,-146.35,197610,191, , ,17,HI,11, , ,29,I,7, , ,00,NA,953, , ,00,HI,258, , ,00,TI
COOP:509686,VALDEZ WEATHER SERVICE OFFICE AK US,7,61.13333,-146.35,197611,393, , ,30,HI,15, , ,27,I,30, , ,00,NA,2059, , ,00,HI,447, , ,00,TI
COOP:509686,VALDEZ WEATHER SERVICE OFFICE AK US,7,61.13333,-146.35,197612,125, , ,03,HI,58, , ,20,I,31, , ,00,NA,829, , ,00,HI,1015, , ,00,TI
COOP:509686,VALDEZ WEATHER SERVICE OFFICE AK US,7,61.13333,-146.35,197701,205,+, ,24,HI,50, , ,04,I,31, , ,00,NA,1176, , ,00,HI,540, , ,00,TI
COOP:509686,VALDEZ WEATHER SERVICE OFFICE AK US,7,61.13333,-146.35,197702,215, , ,01,HI,61, , ,01,I,28, , ,00,NA,795, , ,00,HI,262, , ,00,TI
COOP:509686,VALDEZ WEATHER SERVICE OFFICE AK US,7,61.13333,-146.35,197703,68, , ,29,HI,72,+, ,18,I,31, , ,00,NA,345, , ,00,HI,529, , ,00,TI
COOP:509686,VALDEZ WEATHER SERVICE OFFICE AK US,11.3,61.13333,-146.35,197704,192, , ,03,HI,81,+, ,05,I,30, , ,00,NA,811, , ,00,HI,714, , ,00,TI
COOP:509686,VALDEZ WEATHER SERVICE OFFICE AK US,11.3,61.13333,-146.35,197705,56, , ,06,HI,51, , ,01,I,20, , ,00,NA,289, , ,00,HI,28, , ,00,TI
COOP:509686,VALDEZ WEATHER SERVICE OFFICE AK US,11.3,61.13333,-146.35,197706,56, , ,20,HI,0, , ,99,I,0, , ,00,NA,181, , ,00,HI,0, , ,00,TI
COOP:509686,VALDEZ WEATHER SERVICE OFFICE AK US,11.3,61.13333,-146.35,197707,58, , ,19,HI,0, , ,99,I,0, , ,00,NA,224, , ,00,HI,0, , ,00,TI
COOP:509686,VALDEZ WEATHER SERVICE OFFICE AK US,11.3,61.13333,-146.35,197708,60, , ,10,HI,0, , ,99,I,0, , ,00,NA,250, , ,00,HI,0, , ,00,TI
COOP:509686,VALDEZ WEATHER SERVICE OFFICE AK US,11.3,61.13333,-146.35,197709,171, , ,07,HI,0, , ,99,I,0, , ,00,NA,1253, , ,00,HI,0, , ,00,TI
COOP:509686,VALDEZ WEATHER SERVICE OFFICE AK US,11.3,61.13333,-146.35,197710,89, , ,15,HI,0,T,+,31,I,0, , ,00,NA,581, , ,00,HI,6, , ,00,TI
COOP:509686,VALDEZ WEATHER SERVICE OFFICE AK US,11.3,61.13333,-146.35,197711,25, , ,12,HI,7, , ,28,I,27, , ,00,NA,70, , ,00,HI,175, , ,00,TI
COOP:509686,VALDEZ WEATHER SERVICE OFFICE AK US,11.3,61.13333,-146.35,197712,157, , ,26,HI,34, , ,27,I,26, , ,00,NA,266, , ,00,HI,412, , ,00,TI
COOP:509686,VALDEZ WEATHER SERVICE OFFICE AK US,11.3,61.13333,-146.35,197801,75, , ,09,HI,32, , ,19,I,31, , ,00,NA,418, , ,00,HI,324, , ,00,TI
COOP:509686,VALDEZ WEATHER SERVICE OFFICE AK US,11.3,61.13333,-146.35,197802,154, , ,05,HI,58, , ,08,I,28, , ,00,NA,618, , ,00,HI,759, , ,00,TI
COOP:509686,VALDEZ WEATHER SERVICE OFFICE AK US,11.3,61.13333,-146.35,197803,56, , ,19,HI,42,+, ,20,I,31, , ,00,NA,214, , ,00,HI,278, , ,00,TI
COOP:509686,VALDEZ WEATHER SERVICE OFFICE AK US,11.3,61.13333,-146.35,197804,37, , ,08,HI,35, , ,01,I,26, , ,00,NA,125, , ,00,HI,7, , ,00,TI
COOP:509686,VALDEZ WEATHER SERVICE OFFICE AK US,11.3,61.13333,-146.35,197805,40, , ,02,HI,0, , ,99,I,0, , ,00,NA,214, , ,00,HI,0, , ,00,TI
COOP:509686,VALDEZ WEATHER SERVICE OFFICE AK US,11.3,61.13333,-146.35,197806,83, , ,16,HI,0, , ,99,I,0, , ,00,NA,328, , ,00,HI,0, , ,00,TI
COOP:509686,VALDEZ WEATHER SERVICE OFFICE AK US,11.3,61.13333,-146.35,197807,61, , ,21,HI,0, , ,99,I,0, , ,00,NA,381, , ,00,HI,0, , ,00,TI
COOP:509686,VALDEZ WEATHER SERVICE OFFICE AK US,11.3,61.13333,-146.35,197808,43,+, ,16,HI,0, , ,99,I,0, , ,00,NA,217, , ,00,HI,0, , ,00,TI
COOP:509686,VALDEZ WEATHER SERVICE OFFICE AK US,11.3,61.13333,-146.35,197809,97, , ,12,HI,0, , ,99,I,0, , ,00,NA,494, , ,00,HI,0, , ,00,TI
COOP:509686,VALDEZ WEATHER SERVICE OFFICE AK US,11.3,61.13333,-146.35,197810,146, , ,17,HI,3, , ,24,I,7, , ,00,NA,1538, , ,00,HI,198, , ,00,TI
COOP:509686,VALDEZ WEATHER SERVICE OFFICE AK US,11.3,61.13333,-146.35,197811,89, , ,21,HI,17, , ,26,I,30, , ,00,NA,327, , ,00,HI,280, , ,00,TI
COOP:509686,VALDEZ WEATHER SERVICE OFFICE AK US,11.3,61.13333,-146.35,197812,82, , ,17,HI,49, , ,18,I,31, , ,00,NA,607, , ,00,HI,822, , ,00,TI
COOP:509686,VALDEZ WEATHER SERVICE OFFICE AK US,11.3,61.13333,-146.35,197901,80, , ,16,HI,53, , ,23,I,31, , ,00,NA,266, , ,00,HI,456, , ,00,TI
COOP:509686,VALDEZ WEATHER SERVICE OFFICE AK US,11.3,61.13333,-146.35,197902,28,+, ,04,HI,45, , ,02,I,28, , ,00,NA,100, , ,00,HI,121, , ,00,TI
COOP:509686,VALDEZ WEATHER SERVICE OFFICE AK US,11.3,61.13333,-146.35,197903,172, , ,19,HI,60, , ,21,I,31, , ,00,NA,999, , ,00,HI,1126, , ,00,TI
COOP:509686,VALDEZ WEATHER SERVICE OFFICE AK US,11.3,61.13333,-146.35,197904,60, , ,04,HI,53, , ,05,I,30, , ,00,NA,109, , ,00,HI,120, , ,00,TI
COOP:509686,VALDEZ WEATHER SERVICE OFFICE AK US,11.3,61.13333,-146.35,197905,22, , ,23,HI,7, , ,01,I,3, , ,00,NA,109, , ,00,HI,0,T, ,00,TI
COOP:509686,VALDEZ WEATHER SERVICE OFFICE AK US,11.3,61.13333,-146.35,197906,118, , ,25,HI,0, , ,99,I,0, , ,00,NA,291, , ,00,HI,0, , ,00,TI
COOP:509686,VALDEZ WEATHER SERVICE OFFICE AK US,11.3,61.13333,-146.35,197907,125, , ,14,HI,0, , ,99,I,0, , ,00,NA,604, , ,00,HI,0, , ,00,TI
COOP:509686,VALDEZ WEATHER SERVICE OFFICE AK US,11.3,61.13333,-146.35,197908,109, , ,15,HI,0, , ,99,I,0, , ,00,NA,620, , ,00,HI,0, , ,00,TI
COOP:509686,VALDEZ WEATHER SERVICE OFFICE AK US,11.3,61.13333,-146.35,197909,123, , ,23,HI,0, , ,99,I,0, , ,00,NA,805, , ,00,HI,0, , ,00,TI
COOP:509686,VALDEZ WEATHER SERVICE OFFICE AK US,11.3,61.13333,-146.35,197910,253, , ,30,HI,0, , ,99,I,0, , ,00,NA,1543, , ,00,HI,0,T, ,00,TI
COOP:509686,VALDEZ WEATHER SERVICE OFFICE AK US,11.3,61.13333,-146.35,197911,167, , ,11,HI,13, , ,28,I,14, , ,00,NA,1382, , ,00,HI,318, , ,00,TI
COOP:509686,VALDEZ WEATHER SERVICE OFFICE AK US,11.3,61.13333,-146.35,197912,75, , ,04,HI,43, , ,05,I,31, , ,00,NA,514, , ,00,HI,1055, , ,00,TI
COOP:509686,VALDEZ WEATHER SERVICE OFFICE AK US,11.3,61.13333,-146.35,198001,248, , ,21,HI,33, , ,05,I,31, , ,00,NA,856, , ,00,HI,373, , ,00,TI
COOP:509686,VALDEZ WEATHER SERVICE OFFICE AK US,11.3,61.13333,-146.35,198002,168, , ,04,HI,55, , ,10,I,29, , ,00,NA,964, , ,00,HI,865, , ,00,TI
COOP:509686,VALDEZ WEATHER SERVICE OFFICE AK US,11.3,61.13333,-146.35,198003,65, , ,31,HI,45,+, ,21,I,31, , ,00,NA,327, , ,00,HI,364, , ,00,TI
COOP:509686,VALDEZ WEATHER SERVICE OFFICE AK US,11.3,61.13333,-146.35,198004,65, , ,02,HI,37, , ,04,I,28, , ,00,NA,290, , ,00,HI,39, , ,00,TI
COOP:509686,VALDEZ WEATHER SERVICE OFFICE AK US,11.3,61.13333,-146.35,198005,59, , ,30,HI,0, , ,99,I,0, , ,00,NA,332, , ,00,HI,0, , ,00,TI
COOP:509686,VALDEZ WEATHER SERVICE OFFICE AK US,11.3,61.13333,-146.35,198006,92, , ,17,HI,0, , ,99,I,0, , ,00,NA,322, , ,00,HI,0, , ,00,TI
COOP:509686,VALDEZ WEATHER SERVICE OFFICE AK US,11.3,61.13333,-146.35,198007,124, , ,28,HI,0, , ,99,I,0, , ,00,NA,770, , ,00,HI,0, , ,00,TI
COOP:509686,VALDEZ WEATHER SERVICE OFFICE AK US,11.3,61.13333,-146.35,198008,150, , ,21,HI,0, , ,99,I,0, , ,00,NA,672, , ,00,HI,0, , ,00,TI
COOP:509686,VALDEZ WEATHER SERVICE OFFICE AK US,11.3,61.13333,-146.35,198009,119, , ,13,HI,0, , ,99,I,0, , ,00,NA,478, , ,00,HI,0, , ,00,TI
COOP:509686,VALDEZ WEATHER SERVICE OFFICE AK US,11.3,61.13333,-146.35,198010,125, , ,18,HI,0,T,+,15,I,0, , ,00,NA,921, , ,00,HI,47, , ,00,TI
COOP:509686,VALDEZ WEATHER SERVICE OFFICE AK US,11.3,61.13333,-146.35,198011,83, , ,25,HI,7,+, ,14,I,22, , ,00,NA,473, , ,00,HI,274, , ,00,TI
COOP:509686,VALDEZ WEATHER SERVICE OFFICE AK US,11.3,61.13333,-146.35,198012,159, , ,30,HI,36, , ,31,I,31, , ,00,NA,508, , ,00,HI,602, , ,00,TI
COOP:509686,VALDEZ WEATHER SERVICE OFFICE AK US,11.3,61.13333,-146.35,198101,279, , ,14,HI,29, , ,01,I,31, , ,00,NA,1253, , ,00,HI,245, , ,00,TI
COOP:509686,VALDEZ WEATHER SERVICE OFFICE AK US,11.3,61.13333,-146.35,198102,127, , ,06,HI,41, , ,27,I,28, , ,00,NA,713, , ,00,HI,613, , ,00,TI
COOP:509686,VALDEZ WEATHER SERVICE OFFICE AK US,11.3,61.13333,-146.35,198103,185, , ,11,HI,51, , ,06,I,31, , ,00,NA,687, , ,00,HI,579, , ,00,TI
COOP:509686,VALDEZ WEATHER SERVICE OFFICE AK US,11.3,61.13333,-146.35,198104,55, , ,01,HI,18, , ,02,I,23, , ,00,NA,57, , ,00,HI,46, , ,00,TI
COOP:509686,VALDEZ WEATHER SERVICE OFFICE AK US,11.3,61.13333,-146.35,198105,37, , ,19,HI,0, , ,99,I,0, , ,00,NA,187, , ,00,HI,0, , ,00,TI
COOP:509686,VALDEZ WEATHER SERVICE OFFICE AK US,11.3,61.13333,-146.35,198106,98, , ,30,HI,0, , ,99,I,0, , ,00,NA,457, , ,00,HI,0, , ,00,TI
COOP:509686,VALDEZ WEATHER SERVICE OFFICE AK US,11.3,61.13333,-146.35,198107,184, , ,10,HI,0, , ,99,I,0, , ,00,NA,896, , ,00,HI,0, , ,00,TI
COOP:509686,VALDEZ WEATHER SERVICE OFFICE AK US,11.3,61.13333,-146.35,198108,283, , ,07,HI,0, , ,99,I,0, , ,00,NA,1823, , ,00,HI,0, , ,00,TI
COOP:509686,VALDEZ WEATHER SERVICE OFFICE AK US,11.3,61.13333,-146.35,198109,129, , ,24,HI,0, , ,99,I,0, , ,00,NA,624, , ,00,HI,0,T, ,00,TI
COOP:509686,VALDEZ WEATHER SERVICE OFFICE AK US,11.3,61.13333,-146.35,198110,207, , ,12,HI,1, , ,30,I,1, , ,00,NA,1180, , ,00,HI,25, , ,00,TI
COOP:509686,VALDEZ WEATHER SERVICE OFFICE AK US,11.3,61.13333,-146.35,198111,131, , ,27,HI,23, , ,27,I,29, , ,00,NA,676, , ,00,HI,756, , ,00,TI
COOP:509686,VALDEZ WEATHER SERVICE OFFICE AK US,11.3,61.13333,-146.35,198112,167, , ,03,HI,48, , ,04,I,31, , ,00,NA,777, , ,00,HI,701, , ,00,TI
COOP:509686,VALDEZ WEATHER SERVICE OFFICE AK US,11.3,61.13333,-146.35,198201,26, , ,28,HI,26,+, ,30,I,31, , ,00,NA,99, , ,00,HI,170, , ,00,TI
COOP:509686,VALDEZ WEATHER SERVICE OFFICE AK US,11.3,61.13333,-146.35,198202,70, , ,04,HI,24,+, ,02,I,28, , ,00,NA,177, , ,00,HI,46, , ,00,TI
COOP:509686,VALDEZ WEATHER SERVICE OFFICE AK US,11.3,61.13333,-146.35,198203,150, , ,21,HI,45, , ,22,I,31, , ,00,NA,542, , ,00,HI,746, , ,00,TI
COOP:509686,VALDEZ WEATHER SERVICE OFFICE AK US,11.3,61.13333,-146.35,198204,40, , ,25,HI,22,+, ,03,I,25, , ,00,NA,244, , ,00,HI,132, , ,00,TI
COOP:509686,VALDEZ WEATHER SERVICE OFFICE AK US,11.3,61.13333,-146.35,198205,26, , ,09,HI,0,T,+,31,I,0, , ,00,NA,122, , ,00,HI,0,T, ,00,TI
COOP:509686,VALDEZ WEATHER SERVICE OFFICE AK US,11.3,61.13333,-146.35,198206,52, , ,07,HI,0, , ,99,I,0, , ,00,NA,327, , ,00,HI,0, , ,00,TI
COOP:509686,VALDEZ WEATHER SERVICE OFFICE AK US,11.3,61.13333,-146.35,198207,123, , ,23,HI,0, , ,99,I,0, , ,00,NA,483, , ,00,HI,0, , ,00,TI
COOP:509686,VALDEZ WEATHER SERVICE OFFICE AK US,11.3,61.13333,-146.35,198208,71, , ,29,HI,0, , ,99,I,0, , ,00,NA,273, , ,00,HI,0, , ,00,TI
COOP:509686,VALDEZ WEATHER SERVICE OFFICE AK US,11.3,61.13333,-146.35,198209,246, , ,19,HI,0, , ,99,I,0, , ,00,NA,1669, , ,00,HI,0, , ,00,TI
COOP:509686,VALDEZ WEATHER SERVICE OFFICE AK US,11.3,61.13333,-146.35,198210,164, , ,09,HI,12, , ,30,I,10, , ,00,NA,810, , ,00,HI,350, , ,00,TI
COOP:509686,VALDEZ WEATHER SERVICE OFFICE AK US,11.3,61.13333,-146.35,198211,109, , ,08,HI,32, , ,30,I,30, , ,00,NA,515, , ,00,HI,594, , ,00,TI
COOP:509686,VALDEZ WEATHER SERVICE OFFICE AK US,11.3,61.13333,-146.35,198212,182, , ,07,HI,36,+, ,30,I,31, , ,00,NA,896, , ,00,HI,569, , ,00,TI
COOP:509686,VALDEZ WEATHER SERVICE OFFICE AK US,11.3,61.13333,-146.35,198301,65, , ,16,HI,48, , ,19,I,31, , ,00,NA,310, , ,00,HI,602, , ,00,TI
COOP:509686,VALDEZ WEATHER SERVICE OFFICE AK US,11.3,61.13333,-146.35,198302,59, , ,18,HI,47, , ,19,I,28, , ,00,NA,324, , ,00,HI,311, , ,00,TI
COOP:509686,VALDEZ WEATHER SERVICE OFFICE AK US,11.3,61.13333,-146.35,198303,47, , ,10,HI,45, , ,11,I,31, , ,00,NA,81, , ,00,HI,109, , ,00,TI
COOP:509686,VALDEZ WEATHER SERVICE OFFICE AK US,11.3,61.13333,-146.35,198304,144, , ,04,HI,40, , ,12,I,30, , ,00,NA,715, , ,00,HI,510, , ,00,TI
COOP:509686,VALDEZ WEATHER SERVICE OFFICE AK US,11.3,61.13333,-146.35,198305,75, , ,02,HI,0, , ,99,I,0, , ,00,NA,206, , ,00,HI,0, , ,00,TI
COOP:509686,VALDEZ WEATHER SERVICE OFFICE AK US,11.3,61.13333,-146.35,198306,26, , ,03,HI,0, , ,99,I,0, , ,00,NA,93, , ,00,HI,0, , ,00,TI
COOP:509686,VALDEZ WEATHER SERVICE OFFICE AK US,11.3,61.13333,-146.35,198307,160, , ,11,HI,0, , ,99,I,0, , ,00,NA,632, , ,00,HI,0, , ,00,TI
COOP:509686,VALDEZ WEATHER SERVICE OFFICE AK US,11.3,61.13333,-146.35,198308,192, , ,08,HI,0, , ,99,I,0, , ,00,NA,1053, , ,00,HI,0, , ,00,TI
COOP:509686,VALDEZ WEATHER SERVICE OFFICE AK US,11.3,61.13333,-146.35,198309,155, , ,30,HI,0, , ,99,I,0, , ,00,NA,791, , ,00,HI,0, , ,00,TI
COOP:509686,VALDEZ WEATHER SERVICE OFFICE AK US,11.3,61.13333,-146.35,198310,328, , ,10,HI,4,+, ,31,I,6, , ,00,NA,1415, , ,00,HI,390, , ,00,TI
COOP:509686,VALDEZ WEATHER SERVICE OFFICE AK US,11.3,61.13333,-146.35,198311,49, , ,21,HI,9,+, ,30,I,30, , ,00,NA,194, , ,00,HI,178, , ,00,TI
COOP:509686,VALDEZ WEATHER SERVICE OFFICE AK US,11.3,61.13333,-146.35,198312,48, , ,04,HI,16, , ,11,I,31, , ,00,NA,134, , ,00,HI,247, , ,00,TI
COOP:509686,VALDEZ WEATHER SERVICE OFFICE AK US,11.3,61.13333,-146.35,198401,173, , ,13,HI,41, , ,29,I,31, , ,00,NA,1055, , ,00,HI,805, , ,00,TI
COOP:509686,VALDEZ WEATHER SERVICE OFFICE AK US,11.3,61.13333,-146.35,198402,181, , ,04,HI,59, , ,23,I,29, , ,00,NA,737, , ,00,HI,1008, , ,00,TI
COOP:509686,VALDEZ WEATHER SERVICE OFFICE AK US,11.3,61.13333,-146.35,198403,72, , ,04,HI,52, , ,03,I,31, , ,00,NA,389, , ,00,HI,156, , ,00,TI
COOP:509686,VALDEZ WEATHER SERVICE OFFICE AK US,11.3,61.13333,-146.35,198404,72, , ,16,HI,30, , ,02,I,27, , ,00,NA,306, , ,00,HI,176, , ,00,TI
COOP:509686,VALDEZ WEATHER SERVICE OFFICE AK US,11.3,61.13333,-146.35,198405,13, , ,26,HI,0, , ,99,I,0, , ,00,NA,71, , ,00,HI,0, , ,00,TI
COOP:509686,VALDEZ WEATHER SERVICE OFFICE AK US,11.3,61.13333,-146.35,198406,96, , ,06,HI,0, , ,99,I,0, , ,00,NA,363, , ,00,HI,0, , ,00,TI
COOP:509686,VALDEZ WEATHER SERVICE OFFICE AK US,11.3,61.13333,-146.35,198407,74, , ,16,HI,0, , ,99,I,0, , ,00,NA,399, , ,00,HI,0, , ,00,TI
COOP:509686,VALDEZ WEATHER SERVICE OFFICE AK US,11.3,61.13333,-146.35,198408,157, , ,24,HI,0, , ,99,I,0, , ,00,NA,612, , ,00,HI,0, , ,00,TI
COOP:509686,VALDEZ WEATHER SERVICE OFFICE AK US,11.3,61.13333,-146.35,198409,89, , ,19,HI,0, , ,99,I,0, , ,00,NA,500, , ,00,HI,0, , ,00,TI
COOP:509686,VALDEZ WEATHER SERVICE OFFICE AK US,11.3,61.13333,-146.35,198410,134, , ,22,HI,0,T,+,31,I,0, , ,00,NA,601, , ,00,HI,5, , ,00,TI
COOP:509686,VALDEZ WEATHER SERVICE OFFICE AK US,11.3,61.13333,-146.35,198411,130, , ,20,HI,10, , ,27,I,26, , ,00,NA,421, , ,00,HI,293, , ,00,TI
COOP:509686,VALDEZ WEATHER SERVICE OFFICE AK US,11.3,61.13333,-146.35,198412,137, , ,04,HI,33, , ,31,I,31, , ,00,NA,651, , ,00,HI,608, , ,00,TI
COOP:509686,VALDEZ WEATHER SERVICE OFFICE AK US,11.3,61.13333,-146.35,198501,184, , ,01,HI,29, , ,31,I,31, , ,00,NA,1030, , ,00,HI,379, , ,00,TI
COOP:509686,VALDEZ WEATHER SERVICE OFFICE AK US,11.3,61.13333,-146.35,198502,233, , ,26,HI,52, , ,27,I,28, , ,00,NA,538, , ,00,HI,595, , ,00,TI
COOP:509686,VALDEZ WEATHER SERVICE OFFICE AK US,11.3,61.13333,-146.35,198503,151, , ,18,HI,69, , ,19,I,31, , ,00,NA,820, , ,00,HI,1139, , ,00,TI
COOP:509686,VALDEZ WEATHER SERVICE OFFICE AK US,11.3,61.13333,-146.35,198504,63, , ,10,HI,60, , ,11,I,30, , ,00,NA,278, , ,00,HI,311, , ,00,TI
COOP:509686,VALDEZ WEATHER SERVICE OFFICE AK US,7,61.13333,-146.35,198505,97, , ,29,HI,34, , ,01,I,16, , ,00,NA,474, , ,00,HI,58, , ,00,TI
COOP:509686,VALDEZ WEATHER SERVICE OFFICE AK US,7,61.13333,-146.35,198506,42, , ,25,HI,0, , ,99,I,0, , ,00,NA,209, , ,00,HI,0, , ,00,TI
COOP:509686,VALDEZ WEATHER SERVICE OFFICE AK US,7,61.13333,-146.35,198507,36, , ,20,HI,0, , ,99,I,0, , ,00,NA,186, , ,00,HI,0, , ,00,TI
COOP:509686,VALDEZ WEATHER SERVICE OFFICE AK US,7,61.13333,-146.35,198508,121, , ,12,HI,0, , ,99,I,0, , ,00,NA,736, , ,00,HI,0, , ,00,TI
COOP:509686,VALDEZ WEATHER SERVICE OFFICE AK US,7,61.13333,-146.35,198509,208, , ,14,HI,0, , ,99,I,0, , ,00,NA,1059, , ,00,HI,0, , ,00,TI
COOP:509686,VALDEZ WEATHER SERVICE OFFICE AK US,7,61.13333,-146.35,198510,154, , ,09,HI,0,T,+,31,I,0, , ,00,NA,377, , ,00,HI,24, , ,00,TI
COOP:509686,VALDEZ WEATHER SERVICE OFFICE AK US,7,61.13333,-146.35,198511,61, , ,12,HI,10, , ,13,I,30, , ,00,NA,249, , ,00,HI,320, , ,00,TI
COOP:509686,VALDEZ WEATHER SERVICE OFFICE AK US,7,61.13333,-146.35,198512,305, , ,23,HI,19, , ,09,I,31, , ,00,NA,1687, , ,00,HI,551, , ,00,TI
COOP:509686,VALDEZ WEATHER SERVICE OFFICE AK US,7,61.13333,-146.35,198601,214, , ,02,HI,47, , ,03,I,31, , ,00,NA,721, , ,00,HI,919, , ,00,TI
COOP:509686,VALDEZ WEATHER SERVICE OFFICE AK US,7,61.13333,-146.35,198602,269, , ,07,HI,46, , ,26,I,28, , ,00,NA,734, , ,00,HI,477, , ,00,TI
COOP:509686,VALDEZ WEATHER SERVICE OFFICE AK US,7,61.13333,-146.35,198603,91, , ,09,HI,48, , ,10,I,31, , ,00,NA,359, , ,00,HI,501, , ,00,TI
COOP:509686,VALDEZ WEATHER SERVICE OFFICE AK US,7,61.13333,-146.35,198604,44, , ,05,HI,43, , ,06,I,30, , ,00,NA,172, , ,00,HI,207, , ,00,TI
COOP:509686,VALDEZ WEATHER SERVICE OFFICE AK US,7,61.13333,-146.35,198605,40, , ,27,HI,1, , ,01,I,1, , ,00,NA,186, , ,00,HI,0, , ,00,TI
COOP:509686,VALDEZ WEATHER SERVICE OFFICE AK US,7,61.13333,-146.35,198606,40, , ,22,HI,0, , ,99,I,0, , ,00,NA,140, , ,00,HI,0, , ,00,TI
COOP:509686,VALDEZ WEATHER SERVICE OFFICE AK US,7,61.13333,-146.35,198607,162, , ,23,HI,0, , ,99,I,0, , ,00,NA,527, , ,00,HI,0, , ,00,TI
COOP:509686,VALDEZ WEATHER SERVICE OFFICE AK US,7,61.13333,-146.35,198608,110, , ,10,HI,0, , ,99,I,0, , ,00,NA,764, , ,00,HI,0, , ,00,TI
COOP:509686,VALDEZ WEATHER SERVICE OFFICE AK US,7,61.13333,-146.35,198609,109, , ,20,HI,0, , ,99,I,0, , ,00,NA,493, , ,00,HI,0, , ,00,TI
COOP:509686,VALDEZ WEATHER SERVICE OFFICE AK US,7,61.13333,-146.35,198610,206, , ,11,HI,0, , ,99,I,0, , ,00,NA,857, , ,00,HI,12, , ,00,TI
COOP:509686,VALDEZ WEATHER SERVICE OFFICE AK US,7,61.13333,-146.35,198611,103, , ,02,HI,17, , ,29,I,23, , ,00,NA,715, , ,00,HI,559, , ,00,TI
COOP:509686,VALDEZ WEATHER SERVICE OFFICE AK US,7,61.13333,-146.35,198612,213, , ,09,HI,38, , ,27,I,31, , ,00,NA,1573, , ,00,HI,952, , ,00,TI
COOP:509686,VALDEZ WEATHER SERVICE OFFICE AK US,7,61.13333,-146.35,198701,162, , ,08,HI,58, , ,30,I,31, , ,00,NA,1242, , ,00,HI,1280, , ,00,TI
COOP:509686,VALDEZ WEATHER SERVICE OFFICE AK US,7,61.13333,-146.35,198702,116, , ,21,HI,71, , ,18,I,28, , ,00,NA,565, , ,00,HI,842, , ,00,TI
COOP:509686,VALDEZ WEATHER SERVICE OFFICE AK US,7,61.13333,-146.35,198703,34, , ,24,HI,57, , ,01,I,31, , ,00,NA,124, , ,00,HI,101, , ,00,TI
COOP:509686,VALDEZ WEATHER SERVICE OFFICE AK US,7,61.13333,-146.35,198704,39, , ,04,HI,42, , ,03,I,28, , ,00,NA,163, , ,00,HI,101, , ,00,TI
COOP:509686,VALDEZ WEATHER SERVICE OFFICE AK US,7,61.13333,-146.35,198705,48, , ,17,HI,0, , ,99,I,0, , ,00,NA,385, , ,00,HI,0, , ,00,TI
COOP:509686,VALDEZ WEATHER SERVICE OFFICE AK US,7,61.13333,-146.35,198706,96, , ,29,HI,0, , ,99,I,0, , ,00,NA,605, , ,00,HI,0, , ,00,TI
COOP:509686,VALDEZ WEATHER SERVICE OFFICE AK US,7,61.13333,-146.35,198707,68, , ,22,HI,0, , ,99,I,0, , ,00,NA,284, , ,00,HI,0, , ,00,TI
COOP:509686,VALDEZ WEATHER SERVICE OFFICE AK US,7,61.13333,-146.35,198708,48, , ,05,HI,0, , ,99,I,0, , ,00,NA,208, , ,00,HI,0, , ,00,TI
COOP:509686,VALDEZ WEATHER SERVICE OFFICE AK US,7,61.13333,-146.35,198709,209, , ,03,HI,0, , ,99,I,0, , ,00,NA,1061, , ,00,HI,0, , ,00,TI
COOP:509686,VALDEZ WEATHER SERVICE OFFICE AK US,7,61.13333,-146.35,198710,239, , ,19,HI,0,T,+,31,I,0, , ,00,NA,1533, , ,00,HI,8, , ,00,TI
COOP:509686,VALDEZ WEATHER SERVICE OFFICE AK US,7,61.13333,-146.35,198711,104, , ,18,HI,13, , ,25,I,24, , ,00,NA,649, , ,00,HI,481, , ,00,TI
COOP:509686,VALDEZ WEATHER SERVICE OFFICE AK US,7,61.13333,-146.35,198712,247, , ,23,HI,37, , ,24,I,31, , ,00,NA,869, , ,00,HI,856, , ,00,TI
COOP:509686,VALDEZ WEATHER SERVICE OFFICE AK US,7,61.13333,-146.35,198801,117, , ,19,HI,36, , ,21,I,31, , ,00,NA,433, , ,00,HI,334, , ,00,TI
COOP:509686,VALDEZ WEATHER SERVICE OFFICE AK US,7,61.13333,-146.35,198802,154, , ,18,HI,45, , ,18,I,29, , ,00,NA,976, , ,00,HI,792, , ,00,TI
COOP:509686,VALDEZ WEATHER SERVICE OFFICE AK US,7,61.13333,-146.35,198803,163, , ,10,HI,55, , ,30,I,31, , ,00,NA,952, , ,00,HI,865, , ,00,TI
COOP:509686,VALDEZ WEATHER SERVICE OFFICE AK US,7,61.13333,-146.35,198804,76, , ,13,HI,51, , ,08,I,30, , ,00,NA,529, , ,00,HI,199, , ,00,TI
COOP:509686,VALDEZ WEATHER SERVICE OFFICE AK US,7,61.13333,-146.35,198805,47, , ,19,HI,15, , ,01,I,8, , ,00,NA,276, , ,00,HI,0, , ,00,TI
COOP:509686,VALDEZ WEATHER SERVICE OFFICE AK US,7,61.13333,-146.35,198806,119, , ,06,HI,0, , ,99,I,0, , ,00,NA,504, , ,00,HI,0, , ,00,TI
COOP:509686,VALDEZ WEATHER SERVICE OFFICE AK US,7,61.13333,-146.35,198807,89, , ,20,HI,0, , ,99,I,0, , ,00,NA,346, , ,00,HI,0, , ,00,TI
COOP:509686,VALDEZ WEATHER SERVICE OFFICE AK US,7,61.13333,-146.35,198808,272, , ,26,HI,0, , ,99,I,0, , ,00,NA,1278, , ,00,HI,0, , ,00,TI
COOP:509686,VALDEZ WEATHER SERVICE OFFICE AK US,7,61.13333,-146.35,198809,178, , ,19,HI,0, , ,99,I,0, , ,00,NA,931, , ,00,HI,0, , ,00,TI
COOP:509686,VALDEZ WEATHER SERVICE OFFICE AK US,7,61.13333,-146.35,198810,162, , ,05,HI,4, , ,27,I,4, , ,00,NA,1102, , ,00,HI,86, , ,00,TI
COOP:509686,VALDEZ WEATHER SERVICE OFFICE AK US,7,61.13333,-146.35,198811,52, , ,29,HI,12, , ,22,I,25, , ,00,NA,259, , ,00,HI,375, , ,00,TI
COOP:509686,VALDEZ WEATHER SERVICE OFFICE AK US,7,61.13333,-146.35,198812,247, , ,16,HI,32, , ,29,I,31, , ,00,NA,1511, , ,00,HI,1100, , ,00,TI
COOP:509686,VALDEZ WEATHER SERVICE OFFICE AK US,7,61.13333,-146.35,198901,167, , ,25,HI,65, , ,26,I,31, , ,00,NA,601, , ,00,HI,1096, , ,00,TI
COOP:509686,VALDEZ WEATHER SERVICE OFFICE AK US,7,61.13333,-146.35,198902,28, , ,11,HI,38, , ,14,I,28, , ,00,NA,57, , ,00,HI,89, , ,00,TI
COOP:509686,VALDEZ WEATHER SERVICE OFFICE AK US,7,61.13333,-146.35,198903,48, , ,21,HI,31, , ,02,I,31, , ,00,NA,149, , ,00,HI,226, , ,00,TI
COOP:509686,VALDEZ WEATHER SERVICE OFFICE AK US,7,61.13333,-146.35,198904,203, , ,25,HI,23, , ,02,I,18, , ,00,NA,530, , ,00,HI,156, , ,00,TI
COOP:509686,VALDEZ WEATHER SERVICE OFFICE AK US,7,61.13333,-146.35,198905,74, , ,28,HI,0, , ,99,I,0, , ,00,NA,599, , ,00,HI,0, , ,00,TI
COOP:509686,VALDEZ WEATHER SERVICE OFFICE AK US,7,61.13333,-146.35,198906,126, , ,23,HI,0, , ,99,I,0, , ,00,NA,588, , ,00,HI,0, , ,00,TI
COOP:509686,VALDEZ WEATHER SERVICE OFFICE AK US,7,61.13333,-146.35,198907,68, , ,20,HI,0, , ,99,I,0, , ,00,NA,318, , ,00,HI,0, , ,00,TI
COOP:509686,VALDEZ WEATHER SERVICE OFFICE AK US,7,61.13333,-146.35,198908,146, , ,28,HI,0, , ,99,I,0, , ,00,NA,666, , ,00,HI,0, , ,00,TI
COOP:509686,VALDEZ WEATHER SERVICE OFFICE AK US,7,61.13333,-146.35,198909,253, , ,24,HI,0, , ,99,I,0, , ,00,NA,1643, , ,00,HI,0, , ,00,TI
COOP:509686,VALDEZ WEATHER SERVICE OFFICE AK US,7,61.13333,-146.35,198910,105, , ,07,HI,10, , ,28,I,8, , ,00,NA,921, , ,00,HI,192, , ,00,TI
COOP:509686,VALDEZ WEATHER SERVICE OFFICE AK US,7,61.13333,-146.35,198911,139, , ,22,HI,26, , ,18,I,30, , ,00,NA,806, , ,00,HI,761, , ,00,TI
COOP:509686,VALDEZ WEATHER SERVICE OFFICE AK US,7,61.13333,-146.35,198912,226, , ,10,HI,58, , ,30,I,31, , ,00,NA,1734, , ,00,HI,1233, , ,00,TI
COOP:509686,VALDEZ WEATHER SERVICE OFFICE AK US,7,61.13333,-146.35,199001,194, , ,16,HI,107, , ,17,I,31, , ,00,NA,951, , ,00,HI,1485, , ,00,TI
COOP:509686,VALDEZ WEATHER SERVICE OFFICE AK US,7,61.13333,-146.35,199002,104, , ,13,HI,94, , ,28,I,28, , ,00,NA,590, , ,00,HI,840, , ,00,TI
COOP:509686,VALDEZ WEATHER SERVICE OFFICE AK US,7,61.13333,-146.35,199003,135, , ,28,HI,104, , ,02,I,31, , ,00,NA,788, , ,00,HI,790, , ,00,TI
COOP:509686,VALDEZ WEATHER SERVICE OFFICE AK US,7,61.13333,-146.35,199004,119, , ,04,HI,88, , ,06,I,30, , ,00,NA,308, , ,00,HI,206, , ,00,TI
COOP:509686,VALDEZ WEATHER SERVICE OFFICE AK US,7,61.13333,-146.35,199005,40, , ,21,HI,35, , ,01,I,12, , ,00,NA,234, , ,00,HI,0, , ,00,TI
COOP:509686,VALDEZ WEATHER SERVICE OFFICE AK US,7,61.13333,-146.35,199006,81, , ,16,HI,0, , ,99,I,0, , ,00,NA,304, , ,00,HI,0, , ,00,TI
COOP:509686,VALDEZ WEATHER SERVICE OFFICE AK US,7,61.13333,-146.35,199007,88, , ,28,HI,0, , ,99,I,0, , ,00,NA,314, , ,00,HI,0, , ,00,TI
COOP:509686,VALDEZ WEATHER SERVICE OFFICE AK US,7,61.13333,-146.35,199008,135, , ,10,HI,0, , ,99,I,0, , ,00,NA,566, , ,00,HI,0, , ,00,TI
COOP:509686,VALDEZ WEATHER SERVICE OFFICE AK US,7,61.13333,-146.35,199009,185, , ,13,HI,0, , ,99,I,0, , ,00,NA,1605, , ,00,HI,0, , ,00,TI
COOP:509686,VALDEZ WEATHER SERVICE OFFICE AK US,7,61.13333,-146.35,199010,96, , ,19,HI,1, , ,20,I,2, , ,00,NA,249, , ,00,HI,51, , ,00,TI
COOP:509686,VALDEZ WEATHER SERVICE OFFICE AK US,7,61.13333,-146.35,199011,46, , ,06,HI,3, , ,07,I,13, , ,00,NA,97, , ,00,HI,167, , ,00,TI
COOP:509686,VALDEZ WEATHER SERVICE OFFICE AK US,7,61.13333,-146.35,199012,124, , ,06,HI,33, , ,26,I,31, , ,00,NA,731, , ,00,HI,919, , ,00,TI
COOP:509686,VALDEZ WEATHER SERVICE OFFICE AK US,7,61.13333,-146.35,199101,140, , ,19,HI,34, , ,23,I,31, , ,00,NA,647, , ,00,HI,665, , ,00,TI
COOP:509686,VALDEZ WEATHER SERVICE OFFICE AK US,7,61.13333,-146.35,199102,144, , ,23,HI,52, , ,24,I,28, , ,00,NA,613, , ,00,HI,683, , ,00,TI
COOP:509686,VALDEZ WEATHER SERVICE OFFICE AK US,7,61.13333,-146.35,199103,82, , ,06,HI,64, , ,17,I,31, , ,00,NA,450, , ,00,HI,691, , ,00,TI
COOP:509686,VALDEZ WEATHER SERVICE OFFICE AK US,7,61.13333,-146.35,199104,72, , ,14,HI,41, , ,03,I,30, , ,00,NA,482, , ,00,HI,95, , ,00,TI
COOP:509686,VALDEZ WEATHER SERVICE OFFICE AK US,7,61.13333,-146.35,199105,95, , ,27,HI,5, , ,01,I,2, , ,00,NA,430, , ,00,HI,0,T, ,00,TI
COOP:509686,VALDEZ WEATHER SERVICE OFFICE AK US,7,61.13333,-146.35,199106,71, , ,01,HI,0, , ,99,I,0, , ,00,NA,202, , ,00,HI,0, , ,00,TI
COOP:509686,VALDEZ WEATHER SERVICE OFFICE AK US,7,61.13333,-146.35,199107,71, , ,16,HI,0, , ,99,I,0, , ,00,NA,401, , ,00,HI,0, , ,00,TI
COOP:509686,VALDEZ WEATHER SERVICE OFFICE AK US,7,61.13333,-146.35,199108,182, , ,17,HI,0, , ,99,I,0, , ,00,NA,568, , ,00,HI,0, , ,00,TI
COOP:509686,VALDEZ WEATHER SERVICE OFFICE AK US,7,61.13333,-146.35,199109,131, , ,08,HI,0, , ,99,I,0, , ,00,NA,1107, , ,00,HI,0, , ,00,TI
COOP:509686,VALDEZ WEATHER SERVICE OFFICE AK US,7,61.13333,-146.35,199110,94, , ,13,HI,3, , ,31,I,3, , ,00,NA,512, , ,00,HI,64, , ,00,TI
COOP:509686,VALDEZ WEATHER SERVICE OFFICE AK US,7,61.13333,-146.35,199111,99, , ,18,HI,20, , ,19,I,27, , ,00,NA,389, , ,00,HI,599, , ,00,TI
COOP:509686,VALDEZ WEATHER SERVICE OFFICE AK US,7,61.13333,-146.35,199112,185, , ,27,HI,50, , ,31,I,31, , ,00,NA,958, , ,00,HI,1371, , ,00,TI
COOP:509686,VALDEZ WEATHER SERVICE OFFICE AK US,7,61.13333,-146.35,199201,197, , ,17,HI,58, , ,29,I,31, , ,00,NA,955, , ,00,HI,857, , ,00,TI
COOP:509686,VALDEZ WEATHER SERVICE OFFICE AK US,7,61.13333,-146.35,199202,177, , ,27,HI,71, , ,07,I,29, , ,00,NA,901, , ,00,HI,857, , ,00,TI
COOP:509686,VALDEZ WEATHER SERVICE OFFICE AK US,7,61.13333,-146.35,199203,119, , ,08,HI,72, , ,08,I,31, , ,00,NA,988, , ,00,HI,1002, , ,00,TI
COOP:509686,VALDEZ WEATHER SERVICE OFFICE AK US,7,61.13333,-146.35,199204,149, , ,11,HI,76, , ,12,I,30, , ,00,NA,280, , ,00,HI,389, , ,00,TI
COOP:509686,VALDEZ WEATHER SERVICE OFFICE AK US,7,61.13333,-146.35,199205,33, , ,08,HI,27, , ,01,I,12, , ,00,NA,188, , ,00,HI,19, , ,00,TI
COOP:509686,VALDEZ WEATHER SERVICE OFFICE AK US,7,61.13333,-146.35,199206,130, , ,21,HI,0, , ,99,I,0, , ,00,NA,311, , ,00,HI,0, , ,00,TI
COOP:509686,VALDEZ WEATHER SERVICE OFFICE AK US,7,61.13333,-146.35,199207,51, , ,25,HI,0, , ,99,I,0, , ,00,NA,363, , ,00,HI,0, , ,00,TI
COOP:509686,VALDEZ WEATHER SERVICE OFFICE AK US,7,61.13333,-146.35,199208,142, , ,25,HI,0, , ,99,I,0, , ,00,NA,896, , ,00,HI,0, , ,00,TI
COOP:509686,VALDEZ WEATHER SERVICE OFFICE AK US,7,61.13333,-146.35,199209,127, , ,30,HI,0,T,+,30,I,0, , ,00,NA,601, , ,00,HI,46, , ,00,TI
COOP:509686,VALDEZ WEATHER SERVICE OFFICE AK US,7,61.13333,-146.35,199210,305, , ,26,HI,2, , ,24,I,6, , ,00,NA,1047, , ,00,HI,94, , ,00,TI
COOP:509686,VALDEZ WEATHER SERVICE OFFICE AK US,7,61.13333,-146.35,199211,284, , ,09,HI,15, , ,30,I,28, , ,00,NA,1425, , ,00,HI,570, , ,00,TI
COOP:509686,VALDEZ WEATHER SERVICE OFFICE AK US,7,61.13333,-146.35,199212,188, , ,03,HI,24, , ,01,I,31, , ,00,NA,559, , ,00,HI,477, , ,00,TI
COOP:509686,VALDEZ WEATHER SERVICE OFFICE AK US,7,61.13333,-146.35,199301,208, , ,17,HI,47, , ,19,I,31, , ,00,NA,706, , ,00,HI,904, , ,00,TI
COOP:509686,VALDEZ WEATHER SERVICE OFFICE AK US,7,61.13333,-146.35,199302,205, , ,15,HI,63, , ,07,I,28, , ,00,NA,793, , ,00,HI,854, , ,00,TI
COOP:509686,VALDEZ WEATHER SERVICE OFFICE AK US,7,61.13333,-146.35,199303,56, , ,07,HI,61, , ,11,I,31, , ,00,NA,262, , ,00,HI,476, , ,00,TI
COOP:509686,VALDEZ WEATHER SERVICE OFFICE AK US,7,61.13333,-146.35,199304,32, , ,16,HI,44, , ,01,I,28, , ,00,NA,157, , ,00,HI,13, , ,00,TI
COOP:509686,VALDEZ WEATHER SERVICE OFFICE AK US,7,61.13333,-146.35,199305,55, , ,12,HI,0, , ,99,I,0, , ,00,NA,286, , ,00,HI,0, , ,00,TI
COOP:509686,VALDEZ WEATHER SERVICE OFFICE AK US,7,61.13333,-146.35,199306,51, , ,16,HI,0, , ,99,I,0, , ,00,NA,159, , ,00,HI,0, , ,00,TI
COOP:509686,VALDEZ WEATHER SERVICE OFFICE AK US,7,61.13333,-146.35,199307,38, , ,25,HI,0, , ,99,I,0, , ,00,NA,125, , ,00,HI,0, , ,00,TI
COOP:509686,VALDEZ WEATHER SERVICE OFFICE AK US,7,61.13333,-146.35,199308,317, , ,15,HI,0, , ,99,I,0, , ,00,NA,1318, , ,00,HI,0, , ,00,TI
COOP:509686,VALDEZ WEATHER SERVICE OFFICE AK US,7,61.13333,-146.35,199309,247, , ,16,HI,0, , ,99,I,0, , ,00,NA,1616, , ,00,HI,0, , ,00,TI
COOP:509686,VALDEZ WEATHER SERVICE OFFICE AK US,7,61.13333,-146.35,199310,211, , ,09,HI,0, , ,99,I,0, , ,00,NA,1190, , ,00,HI,44, , ,00,TI
COOP:509686,VALDEZ WEATHER SERVICE OFFICE AK US,7,61.13333,-146.35,199311,177, , ,09,HI,24, , ,30,I,21, , ,00,NA,864, , ,00,HI,756, , ,00,TI
COOP:509686,VALDEZ WEATHER SERVICE OFFICE AK US,7,61.13333,-146.35,199312,144, , ,23,HI,38, , ,23,I,31, , ,00,NA,1028, , ,00,HI,865, , ,00,TI
COOP:509686,VALDEZ WEATHER SERVICE OFFICE AK US,7,61.13333,-146.35,199401,97, , ,27,HI,41, , ,25,I,31, , ,00,NA,462, , ,00,HI,427, , ,00,TI
COOP:509686,VALDEZ WEATHER SERVICE OFFICE AK US,7,61.13333,-146.35,199402,89, , ,02,HI,32, , ,01,I,28, , ,00,NA,244, , ,00,HI,135, , ,00,TI
COOP:509686,VALDEZ WEATHER SERVICE OFFICE AK US,7,61.13333,-146.35,199403,175, , ,24,HI,51, , ,25,I,31, , ,00,NA,981, , ,00,HI,956, , ,00,TI
COOP:509686,VALDEZ WEATHER SERVICE OFFICE AK US,7,61.13333,-146.35,199404,59, , ,23,HI,39, , ,01,I,28, , ,00,NA,379, , ,00,HI,231, , ,00,TI
COOP:509686,VALDEZ WEATHER SERVICE OFFICE AK US,7,61.13333,-146.35,199405,132, , ,19,HI,0, , ,99,I,0, , ,00,NA,628, , ,00,HI,2, , ,00,TI
COOP:509686,VALDEZ WEATHER SERVICE OFFICE AK US,7,61.13333,-146.35,199406,80, , ,24,HI,0, , ,99,I,0, , ,00,NA,258, , ,00,HI,0, , ,00,TI
COOP:509686,VALDEZ WEATHER SERVICE OFFICE AK US,7,61.13333,-146.35,199407,71, , ,26,HI,0, , ,99,I,0, , ,00,NA,262, , ,00,HI,0, , ,00,TI
COOP:509686,VALDEZ WEATHER SERVICE OFFICE AK US,7,61.13333,-146.35,199408,161, , ,26,HI,0, , ,99,I,0, , ,00,NA,334, , ,00,HI,0, , ,00,TI
COOP:509686,VALDEZ WEATHER SERVICE OFFICE AK US,7,61.13333,-146.35,199409,140, , ,18,HI,0, , ,99,I,0, , ,00,NA,994, , ,00,HI,0, , ,00,TI
COOP:509686,VALDEZ WEATHER SERVICE OFFICE AK US,7,61.13333,-146.35,199410,90, , ,06,HI,2, , ,21,I,4, , ,00,NA,762, , ,00,HI,109, , ,00,TI
COOP:509686,VALDEZ WEATHER SERVICE OFFICE AK US,7,61.13333,-146.35,199411,237, , ,17,HI,41, , ,21,I,29, , ,00,NA,785, , ,00,HI,1082, , ,00,TI
COOP:509686,VALDEZ WEATHER SERVICE OFFICE AK US,7,61.13333,-146.35,199412,123, , ,03,HI,60, , ,24,I,31, , ,00,NA,841, , ,00,HI,1245, , ,00,TI
COOP:509686,VALDEZ WEATHER SERVICE OFFICE AK US,7,61.13333,-146.35,199501,74, , ,30,HI,54, , ,24,I,31, , ,00,NA,586, , ,00,HI,654, , ,00,TI
COOP:509686,VALDEZ WEATHER SERVICE OFFICE AK US,7,61.13333,-146.35,199502,73, , ,05,HI,52, , ,04,I,28, , ,00,NA,323, , ,00,HI,174, , ,00,TI
COOP:509686,VALDEZ WEATHER SERVICE OFFICE AK US,7,61.13333,-146.35,199503,157, , ,16,HI,64, , ,16,I,31, , ,00,NA,460, , ,00,HI,616, , ,00,TI
COOP:509686,VALDEZ WEATHER SERVICE OFFICE AK US,7,61.13333,-146.35,199504,45, , ,25,HI,39, , ,01,I,24, , ,00,NA,210, , ,00,HI,24, , ,00,TI
COOP:509686,VALDEZ WEATHER SERVICE OFFICE AK US,7,61.13333,-146.35,199505,124, , ,24,HI,2, , ,07,I,1, , ,00,NA,629, , ,00,HI,65, , ,00,TI
COOP:509686,VALDEZ WEATHER SERVICE OFFICE AK US,7,61.13333,-146.35,199506,65, , ,22,HI,0, , ,99,I,0, , ,00,NA,336, , ,00,HI,0, , ,00,TI
COOP:509686,VALDEZ WEATHER SERVICE OFFICE AK US,7,61.13333,-146.35,199507,64, , ,11,HI,0, , ,99,I,0, , ,00,NA,494, , ,00,HI,0, , ,00,TI
COOP:509686,VALDEZ WEATHER SERVICE OFFICE AK US,7,61.13333,-146.35,199508,70, , ,12,HI,0, , ,99,I,0, , ,00,NA,304, , ,00,HI,0, , ,00,TI
COOP:509686,VALDEZ WEATHER SERVICE OFFICE AK US,7,61.13333,-146.35,199509,268, , ,12,HI,0, , ,99,I,0, , ,00,NA,1421, , ,00,HI,0, , ,00,TI
COOP:509686,VALDEZ WEATHER SERVICE OFFICE AK US,7,61.13333,-146.35,199510,134, , ,31,HI,1, , ,15,I,1, , ,00,NA,361, , ,00,HI,20, , ,00,TI
COOP:509686,VALDEZ WEATHER SERVICE OFFICE AK US,7,61.13333,-146.35,199511,71, , ,01,HI,3, , ,24,I,13, , ,00,NA,141, , ,00,HI,58, , ,00,TI
COOP:509686,VALDEZ WEATHER SERVICE OFFICE AK US,7,61.13333,-146.35,199512,68, , ,23,HI,3, , ,22,I,14, , ,00,NA,268, , ,00,HI,93, , ,00,TI
COOP:509686,VALDEZ WEATHER SERVICE OFFICE AK US,7,61.13333,-146.35,199601,14, , ,07,HI,2, , ,14,I,31, , ,00,NA,23, , ,00,HI,41, , ,00,TI
COOP:509686,VALDEZ WEATHER SERVICE OFFICE AK US,7,61.13333,-146.35,199602,305, , ,10,HI,60, , ,10,I,29, , ,00,NA,1447, , ,00,HI,1800, , ,00,TI
COOP:509686,VALDEZ WEATHER SERVICE OFFICE AK US,7,61.13333,-146.35,199603,72, , ,16,HI,51, , ,16,I,31, , ,00,NA,333, , ,00,HI,455, , ,00,TI
COOP:509686,VALDEZ WEATHER SERVICE OFFICE AK US,7,61.13333,-146.35,199604,69, , ,04,HI,42, , ,05,I,26, , ,00,NA,249, , ,00,HI,206, , ,00,TI
COOP:509686,VALDEZ WEATHER SERVICE OFFICE AK US,7,61.13333,-146.35,199605,30, , ,25,HI,0, , ,99,I,0, , ,00,NA,70, , ,00,HI,0, , ,00,TI
COOP:509686,VALDEZ WEATHER SERVICE OFFICE AK US,7,61.13333,-146.35,199606,54, , ,14,HI,0, , ,99,I,0, , ,00,NA,281, , ,00,HI,0, , ,00,TI
COOP:509686,VALDEZ WEATHER SERVICE OFFICE AK US,7,61.13333,-146.35,199607,132, , ,30,HI,0, , ,99,I,0, , ,00,NA,491, , ,00,HI,0, , ,00,TI
COOP:509686,VALDEZ WEATHER SERVICE OFFICE AK US,7,61.13333,-146.35,199608,167, , ,29,HI,0, , ,99,I,0, , ,00,NA,778, , ,00,HI,0, , ,00,TI
COOP:509686,VALDEZ WEATHER SERVICE OFFICE AK US,7,61.13333,-146.35,199609,112, , ,21,HI,1, , ,24,I,1, , ,00,NA,663, , ,00,HI,60, , ,00,TI
COOP:509686,VALDEZ WEATHER SERVICE OFFICE AK US,7,61.13333,-146.35,199610,208, , ,30,HI,12, , ,31,I,9, , ,00,NA,470, , ,00,HI,301, , ,00,TI
COOP:509686,VALDEZ WEATHER SERVICE OFFICE AK US,7,61.13333,-146.35,199611,83, , ,04,HI,21, , ,05,I,30, , ,00,NA,146, , ,00,HI,222, , ,00,TI
COOP:509686,VALDEZ WEATHER SERVICE OFFICE AK US,7,61.13333,-146.35,199612,64, , ,17,HI,23, , ,18,I,31, , ,00,NA,142, , ,00,HI,166, , ,00,TI
COOP:509686,VALDEZ WEATHER SERVICE OFFICE AK US,7,61.13333,-146.35,199701,116, , ,29,HI,37, , ,31,I,31, , ,00,NA,491, , ,00,HI,681, , ,00,TI
COOP:509686,VALDEZ WEATHER SERVICE OFFICE AK US,7,61.13333,-146.35,199702,203, , ,22,HI,41, , ,26,I,28, , ,00,NA,840, , ,00,HI,591, , ,00,TI
COOP:509686,VALDEZ WEATHER SERVICE OFFICE AK US,7,61.13333,-146.35,199703,78, , ,23,HI,37, , ,24,I,31, , ,00,NA,133, , ,00,HI,251, , ,00,TI
COOP:509686,VALDEZ WEATHER SERVICE OFFICE AK US,7,61.13333,-146.35,199704,42, , ,22,HI,33, , ,01,I,20, , ,00,NA,153, , ,00,HI,34, , ,00,TI
COOP:509686,VALDEZ WEATHER SERVICE OFFICE AK US,7,61.13333,-146.35,199705,83, , ,10,HI,0, , ,99,I,0, , ,00,NA,350, , ,00,HI,0, , ,00,TI
COOP:509686,VALDEZ WEATHER SERVICE OFFICE AK US,7,61.13333,-146.35,199706,80, , ,06,HI,0, , ,99,I,0, , ,00,NA,294, , ,00,HI,0, , ,00,TI
COOP:509686,VALDEZ WEATHER SERVICE OFFICE AK US,7,61.13333,-146.35,199707,50, , ,12,HI,0, , ,99,I,0, , ,00,NA,245, , ,00,HI,0, , ,00,TI
COOP:509686,VALDEZ WEATHER SERVICE OFFICE AK US,7,61.13333,-146.35,199708,289, , ,31,HI,0, , ,99,I,0, , ,00,NA,1334, , ,00,HI,0, , ,00,TI
COOP:509686,VALDEZ WEATHER SERVICE OFFICE AK US,7,61.13333,-146.35,199709,231, , ,23,HI,0, , ,99,I,0, , ,00,NA,1055, , ,00,HI,0, , ,00,TI
COOP:509686,VALDEZ WEATHER SERVICE OFFICE AK US,7,61.13333,-146.35,199710,86, , ,20,HI,4, , ,19,I,5, , ,00,NA,359, , ,00,HI,151, , ,00,TI
COOP:509686,VALDEZ WEATHER SERVICE OFFICE AK US,7,61.13333,-146.35,199711,151, , ,09,HI,10, , ,28,I,21, , ,00,NA,716, , ,00,HI,357, , ,00,TI
COOP:509686,VALDEZ WEATHER SERVICE OFFICE AK US,7,61.13333,-146.35,199712,119, , ,11,HI,35, , ,30,I,31, , ,00,NA,845, , ,00,HI,971, , ,00,TI
COOP:509686,VALDEZ WEATHER SERVICE OFFICE AK US,7,61.13333,-146.35,199801,73, , ,15,HI,38, , ,26,I,31, , ,00,NA,267, , ,00,HI,435, , ,00,TI
COOP:509686,VALDEZ WEATHER SERVICE OFFICE AK US,7,61.13333,-146.35,199802,74, , ,15,HI,42, , ,16,I,28, , ,00,NA,277, , ,00,HI,352, , ,00,TI
COOP:509686,VALDEZ WEATHER SERVICE OFFICE AK US,7,61.13333,-146.35,199803,71, , ,24,HI,36, , ,01,I,31, , ,00,NA,258, , ,00,HI,200, , ,00,TI
COOP:509686,VALDEZ WEATHER SERVICE OFFICE AK US,7,61.13333,-146.35,199804,127, , ,14,HI,25, , ,03,I,21, , ,00,NA,657, , ,00,HI,201, , ,00,TI
COOP:509686,VALDEZ WEATHER SERVICE OFFICE AK US,7,61.13333,-146.35,199805,130, , ,03,HI,7, , ,04,I,2, , ,00,NA,665, , ,00,HI,107, , ,00,TI
COOP:509686,VALDEZ WEATHER SERVICE OFFICE AK US,7,61.13333,-146.35,199806,88, , ,21,HI,0, , ,99,I,0, , ,00,NA,415, , ,00,HI,0, , ,00,TI
COOP:509686,VALDEZ WEATHER SERVICE OFFICE AK US,7,61.13333,-146.35,199807,73, , ,25,HI,0, , ,99,I,0, , ,00,NA,320, , ,00,HI,0, , ,00,TI
COOP:509686,VALDEZ WEATHER SERVICE OFFICE AK US,7,61.13333,-146.35,199808,133, , ,16,HI,0, , ,99,I,0, , ,00,NA,807, , ,00,HI,0, , ,00,TI
COOP:509686,VALDEZ WEATHER SERVICE OFFICE AK US,7,61.13333,-146.35,199809,213, , ,19,HI,0,T, ,20,I,0, , ,00,NA,871, , ,00,HI,0,T, ,00,TI
COOP:509686,VALDEZ WEATHER SERVICE OFFICE AK US,7,61.13333,-146.35,199810,237, , ,23,HI,0,T, ,26,I,0, , ,00,NA,793, , ,00,HI,10, , ,00,TI
COOP:509686,VALDEZ WEATHER SERVICE OFFICE AK US,7,61.13333,-146.35,199811,45, , ,19,HI,6, , ,29,I,14, , ,00,NA,171, , ,00,HI,170, , ,00,TI
COOP:509686,VALDEZ WEATHER SERVICE OFFICE AK US,7,61.13333,-146.35,199812,67, , ,04,HI,19, , ,16,I,31, , ,00,NA,264, , ,00,HI,501, , ,00,TI
COOP:509686,VALDEZ WEATHER SERVICE OFFICE AK US,7,61.13333,-146.35,199901,140, , ,23,HI,34, , ,24,I,31, , ,00,NA,514, , ,00,HI,864, , ,00,TI
COOP:509686,VALDEZ WEATHER SERVICE OFFICE AK US,7,61.13333,-146.35,199902,66, , ,26,HI,40, , ,27,I,28, , ,00,NA,214, , ,00,HI,363, , ,00,TI
COOP:509686,VALDEZ WEATHER SERVICE OFFICE AK US,7,61.13333,-146.35,199903,84, , ,10,HI,49, , ,10,I,31, , ,00,NA,470, , ,00,HI,739, , ,00,TI
COOP:509686,VALDEZ WEATHER SERVICE OFFICE AK US,7,61.13333,-146.35,199904,163, , ,01,HI,60, , ,02,I,30, , ,00,NA,727, , ,00,HI,742, , ,00,TI
COOP:509686,VALDEZ WEATHER SERVICE OFFICE AK US,7,61.13333,-146.35,199905,84, , ,25,HI,11, , ,01,I,5, , ,00,NA,187, , ,00,HI,21, , ,00,TI
COOP:509686,VALDEZ WEATHER SERVICE OFFICE AK US,7,61.13333,-146.35,199906,61, , ,20,HI,0, , ,99,I,0, , ,00,NA,214, , ,00,HI,0, , ,00,TI
COOP:509686,VALDEZ WEATHER SERVICE OFFICE AK US,7,61.13333,-146.35,199907,73, , ,21,HI,0, , ,99,I,0, , ,00,NA,278, , ,00,HI,0, , ,00,TI
COOP:509686,VALDEZ WEATHER SERVICE OFFICE AK US,7,61.13333,-146.35,199908,154, , ,12,HI,0, , ,99,I,0, , ,00,NA,397, , ,00,HI,0, , ,00,TI
COOP:509686,VALDEZ WEATHER SERVICE OFFICE AK US,7,61.13333,-146.35,199909,186, , ,18,HI,0, , ,99,I,0, , ,00,NA,1137, , ,00,HI,0, , ,00,TI
COOP:509686,VALDEZ WEATHER SERVICE OFFICE AK US,7,61.13333,-146.35,199910,293, , ,18,HI,8, , ,31,I,2, , ,00,NA,1189, , ,00,HI,345, , ,00,TI
COOP:509686,VALDEZ WEATHER SERVICE OFFICE AK US,7,61.13333,-146.35,199911,64, , ,01,HI,28, , ,02,I,30, , ,00,NA,220, , ,00,HI,400, , ,00,TI
COOP:509686,VALDEZ WEATHER SERVICE OFFICE AK US,7,61.13333,-146.35,199912,406, , ,22,HI,32, , ,20,I,31, , ,00,NA,1696, , ,00,HI,928, , ,00,TI
COOP:509686,VALDEZ WEATHER SERVICE OFFICE AK US,7,61.13333,-146.35,200001,221, , ,24,HI,62, , ,31,I,31, , ,00,NA,978, , ,00,HI,1162, , ,00,TI
COOP:509686,VALDEZ WEATHER SERVICE OFFICE AK US,7,61.13333,-146.35,200002,196, , ,02,HI,72, , ,02,I,29, , ,00,NA,622, , ,00,HI,482, , ,00,TI
COOP:509686,VALDEZ WEATHER SERVICE OFFICE AK US,7,61.13333,-146.35,200003,82, , ,30,HI,57, , ,03,I,31, , ,00,NA,471, , ,00,HI,385, , ,00,TI
COOP:509686,VALDEZ WEATHER SERVICE OFFICE AK US,7,61.13333,-146.35,200004,68, , ,19,HI,51, , ,01,I,30, , ,00,NA,229, , ,00,HI,54, , ,00,TI
COOP:509686,VALDEZ WEATHER SERVICE OFFICE AK US,7,61.13333,-146.35,200005,61, , ,05,HI,3, , ,01,I,3, , ,00,NA,221, , ,00,HI,14, , ,00,TI
COOP:509686,VALDEZ WEATHER SERVICE OFFICE AK US,7,61.13333,-146.35,200006,26, , ,19,HI,0, , ,99,I,0, , ,00,NA,132, , ,00,HI,0, , ,00,TI
COOP:509686,VALDEZ WEATHER SERVICE OFFICE AK US,7,61.13333,-146.35,200007,79, , ,16,HI,0, , ,99,I,0, , ,00,NA,326, , ,00,HI,0, , ,00,TI
COOP:509686,VALDEZ WEATHER SERVICE OFFICE AK US,7,61.13333,-146.35,200008,98, , ,04,HI,0, , ,99,I,0, , ,00,NA,384, , ,00,HI,0, , ,00,TI
COOP:509686,VALDEZ WEATHER SERVICE OFFICE AK US,7,61.13333,-146.35,200009,191, , ,23,HI,0, , ,99,I,0, , ,00,NA,758, , ,00,HI,0, , ,00,TI
COOP:509686,VALDEZ WEATHER SERVICE OFFICE AK US,7,61.13333,-146.35,200010,160, , ,05,HI,7, , ,26,I,7, , ,00,NA,789, , ,00,HI,224, , ,00,TI
COOP:509686,VALDEZ WEATHER SERVICE OFFICE AK US,7,61.13333,-146.35,200011,149, , ,10,HI,13, , ,30,I,30, , ,00,NA,705, , ,00,HI,399, , ,00,TI
COOP:509686,VALDEZ WEATHER SERVICE OFFICE AK US,7,61.13333,-146.35,200012,149, , ,05,HI,19, , ,29,I,31, , ,00,NA,620, , ,00,HI,385, , ,00,TI
COOP:509686,VALDEZ WEATHER SERVICE OFFICE AK US,7,61.13333,-146.35,200101,186, , ,15,HI,43, , ,28,I,31, , ,00,NA,1518, , ,00,HI,1070, , ,00,TI
COOP:509686,VALDEZ WEATHER SERVICE OFFICE AK US,7,61.13333,-146.35,200102,268, , ,27,HI,63, , ,26,I,28, , ,00,NA,687, , ,00,HI,636, , ,00,TI
COOP:509686,VALDEZ WEATHER SERVICE OFFICE AK US,7,61.13333,-146.35,200103,165, , ,11,HI,49, , ,01,I,31, , ,00,NA,621, , ,00,HI,397, , ,00,TI
COOP:509686,VALDEZ WEATHER SERVICE OFFICE AK US,7,61.13333,-146.35,200104,146, , ,03,HI,50, , ,04,I,30, , ,00,NA,508, , ,00,HI,562, , ,00,TI
COOP:509686,VALDEZ WEATHER SERVICE OFFICE AK US,7,61.13333,-146.35,200105,110, , ,02,HI,14, , ,03,I,11, , ,00,NA,361, , ,00,HI,240, , ,00,TI
COOP:509686,VALDEZ WEATHER SERVICE OFFICE AK US,7,61.13333,-146.35,200106,69, , ,06,HI,0, , ,99,I,0, , ,00,NA,108, , ,00,HI,0, , ,00,TI
COOP:509686,VALDEZ WEATHER SERVICE OFFICE AK US,7,61.13333,-146.35,200107,170, , ,20,HI,0, , ,99,I,0, , ,00,NA,609, , ,00,HI,0, , ,00,TI
COOP:509686,VALDEZ WEATHER SERVICE OFFICE AK US,7,61.13333,-146.35,200108,108, , ,28,HI,0, , ,99,I,0, , ,00,NA,385, , ,00,HI,0, , ,00,TI
COOP:509686,VALDEZ WEATHER SERVICE OFFICE AK US,7,61.13333,-146.35,200109,144, , ,13,HI,0, , ,99,I,0, , ,00,NA,597, , ,00,HI,0, , ,00,TI
COOP:509686,VALDEZ WEATHER SERVICE OFFICE AK US,7,61.13333,-146.35,200110,142, , ,01,HI,6, , ,30,I,7, , ,00,NA,710, , ,00,HI,260, , ,00,TI
COOP:509686,VALDEZ WEATHER SERVICE OFFICE AK US,7,61.13333,-146.35,200111,128, , ,17,HI,7, , ,18,I,30, , ,00,NA,268, , ,00,HI,241, , ,00,TI
COOP:509686,VALDEZ WEATHER SERVICE OFFICE AK US,7,61.13333,-146.35,200112,106, , ,21,HI,26, , ,26,I,31, , ,00,NA,589, , ,00,HI,668, , ,00,TI
COOP:509686,VALDEZ WEATHER SERVICE OFFICE AK US,7,61.13333,-146.35,200201,164, , ,09,HI,41, , ,31,I,31, , ,00,NA,900, , ,00,HI,804, , ,00,TI
COOP:509686,VALDEZ WEATHER SERVICE OFFICE AK US,7,61.13333,-146.35,200202,116, , ,14,HI,63, , ,14,I,28, , ,00,NA,554, , ,00,HI,984, , ,00,TI
COOP:509686,VALDEZ WEATHER SERVICE OFFICE AK US,7,61.13333,-146.35,200203,40, , ,02,HI,60, , ,02,I,31, , ,00,NA,132, , ,00,HI,266, , ,00,TI
COOP:509686,VALDEZ WEATHER SERVICE OFFICE AK US,7,61.13333,-146.35,200204,204, , ,19,HI,40, , ,03,I,30, , ,00,NA,422, , ,00,HI,147, , ,00,TI
COOP:509686,VALDEZ WEATHER SERVICE OFFICE AK US,7,61.13333,-146.35,200205,58, , ,15,HI,15, , ,02,I,6, , ,00,NA,222, , ,00,HI,0,T, ,00,TI
COOP:509686,VALDEZ WEATHER SERVICE OFFICE AK US,7,61.13333,-146.35,200206,79, , ,06,HI,0, , ,99,I,0, , ,00,NA,307, , ,00,HI,0, , ,00,TI
COOP:509686,VALDEZ WEATHER SERVICE OFFICE AK US,7,61.13333,-146.35,200207,71, , ,18,HI,0, , ,99,I,0, , ,00,NA,336, , ,00,HI,0, , ,00,TI
COOP:509686,VALDEZ WEATHER SERVICE OFFICE AK US,7,61.13333,-146.35,200208,163, , ,08,HI,0, , ,99,I,0, , ,00,NA,1071, , ,00,HI,0, , ,00,TI
COOP:509686,VALDEZ WEATHER SERVICE OFFICE AK US,7,61.13333,-146.35,200209,93, , ,24,HI,0, , ,99,I,0, , ,00,NA,841, , ,00,HI,0, , ,00,TI
COOP:509686,VALDEZ WEATHER SERVICE OFFICE AK US,7,61.13333,-146.35,200210,150, , ,25,HI,0, , ,99,I,0, , ,00,NA,1540, , ,00,HI,2, , ,00,TI
COOP:509686,VALDEZ WEATHER SERVICE OFFICE AK US,7,61.13333,-146.35,200211,252, , ,29,HI,3, , ,18,I,5, , ,00,NA,1506, , ,00,HI,71, , ,00,TI
COOP:509686,VALDEZ WEATHER SERVICE OFFICE AK US,7,61.13333,-146.35,200212,111, , ,23,HI,35, , ,31,I,19, , ,00,NA,581, , ,00,HI,760, , ,00,TI
COOP:509686,VALDEZ WEATHER SERVICE OFFICE AK US,7,61.13333,-146.35,200301,106, , ,04,HI,43, , ,07,I,31, , ,00,NA,386, , ,00,HI,484, , ,00,TI
COOP:509686,VALDEZ WEATHER SERVICE OFFICE AK US,7,61.13333,-146.35,200302,257, , ,05,HI,44, , ,24,I,28, , ,00,NA,1423, , ,00,HI,926, , ,00,TI
COOP:509686,VALDEZ WEATHER SERVICE OFFICE AK US,7,61.13333,-146.35,200303,70, , ,02,HI,39, , ,26,I,31, , ,00,NA,170, , ,00,HI,228, , ,00,TI
COOP:509686,VALDEZ WEATHER SERVICE OFFICE AK US,7,61.13333,-146.35,200304,51, , ,21,HI,30, , ,02,I,21, , ,00,NA,142, , ,00,HI,0,T, ,00,TI
COOP:509686,VALDEZ WEATHER SERVICE OFFICE AK US,7,61.13333,-146.35,200305,116, , ,10,HI,0, , ,99,I,0, , ,00,NA,357, , ,00,HI,33, , ,00,TI
COOP:509686,VALDEZ WEATHER SERVICE OFFICE AK US,7,61.13333,-146.35,200306,74, , ,14,HI,0, , ,99,I,0, , ,00,NA,443, , ,00,HI,0, , ,00,TI
COOP:509686,VALDEZ WEATHER SERVICE OFFICE AK US,7,61.13333,-146.35,200307,124, , ,21,HI,0, , ,99,I,0, , ,00,NA,427, , ,00,HI,0, , ,00,TI
COOP:509686,VALDEZ WEATHER SERVICE OFFICE AK US,7,61.13333,-146.35,200308,117, , ,12,HI,0, , ,99,I,0, , ,00,NA,834, , ,00,HI,0, , ,00,TI
COOP:509686,VALDEZ WEATHER SERVICE OFFICE AK US,7,61.13333,-146.35,200309,165, , ,29,HI,0, , ,99,I,0, , ,00,NA,476, , ,00,HI,0, , ,00,TI
COOP:509686,VALDEZ WEATHER SERVICE OFFICE AK US,7,61.13333,-146.35,200310,164, , ,03,HI,0, , ,99,I,0, , ,00,NA,718, , ,00,HI,0, , ,00,TI
COOP:509686,VALDEZ WEATHER SERVICE OFFICE AK US,7,61.13333,-146.35,200311,130, , ,08,HI,16, , ,29,I,19, , ,00,NA,465, , ,00,HI,332, , ,00,TI
COOP:509686,VALDEZ WEATHER SERVICE OFFICE AK US,7,61.13333,-146.35,200312,116, , ,22,HI,38, , ,30,I,31, , ,00,NA,660, , ,00,HI,932, , ,00,TI
COOP:509686,VALDEZ WEATHER SERVICE OFFICE AK US,7,61.13333,-146.35,200401,110, , ,09,HI,56, , ,10,I,31, , ,00,NA,321, , ,00,HI,703, , ,00,TI
COOP:509686,VALDEZ WEATHER SERVICE OFFICE AK US,7,61.13333,-146.35,200402,190, , ,10,HI,50, , ,11,I,29, , ,00,NA,528, , ,00,HI,564, , ,00,TI
COOP:509686,VALDEZ WEATHER SERVICE OFFICE AK US,7,61.13333,-146.35,200403,72, , ,10,HI,54, , ,29,I,31, , ,00,NA,423, , ,00,HI,724, , ,00,TI
COOP:509686,VALDEZ WEATHER SERVICE OFFICE AK US,7,61.13333,-146.35,200404,127, , ,02,HI,65, , ,03,I,30, , ,00,NA,348, , ,00,HI,282, , ,00,TI
COOP:509686,VALDEZ WEATHER SERVICE OFFICE AK US,7,61.13333,-146.35,200405,50, , ,02,HI,3, , ,01,I,2, , ,00,NA,223, , ,00,HI,0, , ,00,TI
COOP:509686,VALDEZ WEATHER SERVICE OFFICE AK US,7,61.13333,-146.35,200406,74, , ,17,HI,0, , ,99,I,0, , ,00,NA,123, , ,00,HI,0, , ,00,TI
COOP:509686,VALDEZ WEATHER SERVICE OFFICE AK US,7,61.13333,-146.35,200407,80, , ,28,HI,0, , ,99,I,0, , ,00,NA,336, , ,00,HI,0, , ,00,TI
COOP:509686,VALDEZ WEATHER SERVICE OFFICE AK US,7,61.13333,-146.35,200408,60, , ,19,HI,0, , ,99,I,0, , ,00,NA,258, , ,00,HI,0, , ,00,TI
COOP:509686,VALDEZ WEATHER SERVICE OFFICE AK US,7,61.13333,-146.35,200409,319, , ,26,HI,2, , ,29,I,1, , ,00,NA,1523, , ,00,HI,40, , ,00,TI
COOP:509686,VALDEZ WEATHER SERVICE OFFICE AK US,7,61.13333,-146.35,200410,173, , ,03,HI,3, , ,24,I,1, , ,00,NA,841, , ,00,HI,88, , ,00,TI
COOP:509686,VALDEZ WEATHER SERVICE OFFICE AK US,7,61.13333,-146.35,200411,226, , ,28,HI,20, , ,10,I,30, , ,00,NA,956, , ,00,HI,696, , ,00,TI
COOP:509686,VALDEZ WEATHER SERVICE OFFICE AK US,7,61.13333,-146.35,200412,259, , ,22,HI,47, , ,24,I,31, , ,00,NA,1074, , ,00,HI,698, , ,00,TI
COOP:509686,VALDEZ WEATHER SERVICE OFFICE AK US,7,61.13333,-146.35,200501,267, , ,04,HI,49, , ,05,I,31, , ,00,NA,550, , ,00,HI,410, , ,00,TI
COOP:509686,VALDEZ WEATHER SERVICE OFFICE AK US,7,61.13333,-146.35,200502,130, , ,14,HI,66, , ,16,I,28, , ,00,NA,655, , ,00,HI,720, , ,00,TI
COOP:509686,VALDEZ WEATHER SERVICE OFFICE AK US,7,61.13333,-146.35,200503,184, , ,11,HI,66, , ,01,I,31, , ,00,NA,867, , ,00,HI,334, , ,00,TI
COOP:509686,VALDEZ WEATHER SERVICE OFFICE AK US,7,61.13333,-146.35,200504,182, , ,22,HI,54, , ,03,I,30, , ,00,NA,396, , ,00,HI,91, , ,00,TI
COOP:509686,VALDEZ WEATHER SERVICE OFFICE AK US,7,61.13333,-146.35,200505,49, , ,21,HI,4, , ,01,I,1, , ,00,NA,166, , ,00,HI,0, , ,00,TI
COOP:509686,VALDEZ WEATHER SERVICE OFFICE AK US,7,61.13333,-146.35,200506,53, , ,20,HI,0, , ,99,I,0, , ,00,NA,173, , ,00,HI,0, , ,00,TI
COOP:509686,VALDEZ WEATHER SERVICE OFFICE AK US,7,61.13333,-146.35,200507,108, , ,31,HI,0, , ,99,I,0, , ,00,NA,529, , ,00,HI,0, , ,00,TI
COOP:509686,VALDEZ WEATHER SERVICE OFFICE AK US,7.9,61.13056,-146.35278,200508,178, , ,23,HI,-9999, , , , ,-9999, , , , ,594, , ,00,HI,-9999, , , , 
COOP:509686,VALDEZ WEATHER SERVICE OFFICE AK US,7.9,61.13056,-146.35278,200509,134, , ,09,HI,-9999, , , , ,-9999, , , , ,930, , ,00,HI,-9999, , , , 
COOP:509686,VALDEZ WEATHER SERVICE OFFICE AK US,7.9,61.13056,-146.35278,200510,60, , ,18,HI,1, , ,17,I,1, , ,00,NA,400, , ,00,HI,33, , ,00,TI
COOP:509686,VALDEZ WEATHER SERVICE OFFICE AK US,7.9,61.13056,-146.35278,200511,229, , ,17,HI,30, , ,24,I,20, , ,00,NA,1030, , ,00,HI,744, , ,00,TI
COOP:509686,VALDEZ WEATHER SERVICE OFFICE AK US,7.9,61.13056,-146.35278,200512,291, , ,16,HI,36, , ,07,I,31, , ,00,NA,1294, , ,00,HI,368, , ,00,TI
COOP:509686,VALDEZ WEATHER SERVICE OFFICE AK US,7.9,61.13056,-146.35278,200601,88, , ,21,HI,50, , ,21,I,31, , ,00,NA,231, , ,00,HI,318, , ,00,TI
COOP:509686,VALDEZ WEATHER SERVICE OFFICE AK US,7.9,61.13056,-146.35278,200602,173, , ,10,HI,48, , ,06,I,28, , ,00,NA,702, , ,00,HI,341, , ,00,TI
COOP:509686,VALDEZ WEATHER SERVICE OFFICE AK US,7.9,61.13056,-146.35278,200603,90, , ,20,HI,52, , ,21,I,31, , ,00,NA,173, , ,00,HI,227, , ,00,TI
COOP:509686,VALDEZ WEATHER SERVICE OFFICE AK US,7.9,61.13056,-146.35278,200604,177, , ,22,HI,44, , ,04,I,30, , ,00,NA,447, , ,00,HI,344, , ,00,TI
COOP:509686,VALDEZ WEATHER SERVICE OFFICE AK US,7.9,61.13056,-146.35278,200605,45, , ,12,HI,11, , ,01,I,4, , ,00,NA,232, , ,00,HI,0,T, ,00,TI
COOP:509686,VALDEZ WEATHER SERVICE OFFICE AK US,7.9,61.13056,-146.35278,200606,64, , ,15,HI,0, , ,99,I,0, , ,00,NA,263, , ,00,HI,0, , ,00,TI
COOP:509686,VALDEZ WEATHER SERVICE OFFICE AK US,7.9,61.13056,-146.35278,200607,72, , ,30,HI,0, , ,99,I,0, , ,00,NA,260, , ,00,HI,0, , ,00,TI
COOP:509686,VALDEZ WEATHER SERVICE OFFICE AK US,7.9,61.13056,-146.35278,200608,314, , ,20,HI,0, , ,99,I,0, , ,00,NA,1495, , ,00,HI,0, , ,00,TI
COOP:509686,VALDEZ WEATHER SERVICE OFFICE AK US,7.9,61.13056,-146.35278,200609,208, , ,22,HI,0, , ,99,I,0, , ,00,NA,794, , ,00,HI,0, , ,00,TI
COOP:509686,VALDEZ WEATHER SERVICE OFFICE AK US,7.9,61.13056,-146.35278,200610,480, , ,09,HI,4, , ,30,I,3, , ,00,NA,1731, , ,00,HI,47,I, ,00,TI
COOP:509686,VALDEZ WEATHER SERVICE OFFICE AK US,7.9,61.13056,-146.35278,200611,45, , ,09,HI,8, , ,10,I,12, , ,00,NA,47, , ,00,HI,94, , ,00,TI
COOP:509686,VALDEZ WEATHER SERVICE OFFICE AK US,7.9,61.13056,-146.35278,200612,148, , ,30,HI,41, , ,31,I,31, , ,00,NA,716, , ,00,HI,929, , ,00,TI
COOP:509686,VALDEZ WEATHER SERVICE OFFICE AK US,7.9,61.13056,-146.35278,200701,147, , ,26,HI,61, , ,28,I,31, , ,00,NA,872, , ,00,HI,1427, , ,00,TI
COOP:509686,VALDEZ WEATHER SERVICE OFFICE AK US,10.7,61.13028,-146.35194,200702,6, , ,16,HI,51, , ,02,I,28, , ,00,NA,6, , ,00,HI,6,I, ,00,TI
COOP:509686,VALDEZ WEATHER SERVICE OFFICE AK US,10.7,61.13028,-146.35194,200703,51, , ,21,HI,46, , ,24,I,31, , ,00,NA,126, , ,00,HI,247, , ,00,TI
COOP:509686,VALDEZ WEATHER SERVICE OFFICE AK US,10.7,61.13028,-146.35194,200704,43, , ,09,HI,35, , ,02,I,25, , ,00,NA,225, , ,00,HI,2, , ,00,TI
COOP:509686,VALDEZ WEATHER SERVICE OFFICE AK US,10.7,61.13028,-146.35194,200705,32, , ,30,HI,0, , ,99,I,0, , ,00,NA,183, , ,00,HI,0, , ,00,TI
COOP:509686,VALDEZ WEATHER SERVICE OFFICE AK US,10.7,61.13028,-146.35194,200706,8, , ,01,HI,0, , ,99,I,0, , ,00,NA,34, , ,00,HI,0, , ,00,TI
COOP:509686,VALDEZ WEATHER SERVICE OFFICE AK US,10.7,61.13028,-146.35194,200707,115, , ,05,HI,0, , ,99,I,0, , ,00,NA,322, , ,00,HI,0, , ,00,TI
COOP:509686,VALDEZ WEATHER SERVICE OFFICE AK US,10.7,61.13028,-146.35194,200708,53, , ,23,HI,0, , ,99,I,0, , ,00,NA,204, , ,00,HI,0, , ,00,TI
COOP:509686,VALDEZ WEATHER SERVICE OFFICE AK US,10.7,61.13028,-146.35194,200709,318, , ,09,HI,0, , ,99,I,0, , ,00,NA,1095, , ,00,HI,0, , ,00,TI
COOP:509686,VALDEZ WEATHER SERVICE OFFICE AK US,10.7,61.13028,-146.35194,200710,123, , ,14,HI,1, , ,25,I,3, , ,00,NA,561, , ,00,HI,31, , ,00,TI
COOP:509686,VALDEZ WEATHER SERVICE OFFICE AK US,10.7,61.13028,-146.35194,200711,204, , ,21,HI,17, , ,20,I,27, , ,00,NA,929, , ,00,HI,407, , ,00,TI
COOP:509686,VALDEZ WEATHER SERVICE OFFICE AK US,10.7,61.13028,-146.35194,200712,64, , ,04,HI,25, , ,08,I,31, , ,00,NA,262, , ,00,HI,384, , ,00,TI
COOP:509686,VALDEZ WEATHER SERVICE OFFICE AK US,10.7,61.13028,-146.35194,200801,101, , ,16,HI,46, , ,17,I,31, , ,00,NA,340, , ,00,HI,593, , ,00,TI
COOP:509686,VALDEZ WEATHER SERVICE OFFICE AK US,10.7,61.13028,-146.35194,200802,136, , ,17,HI,55, , ,17,I,29, , ,00,NA,566, , ,00,HI,545, , ,00,TI
COOP:509686,VALDEZ WEATHER SERVICE OFFICE AK US,10.7,61.13028,-146.35194,200803,227, , ,05,HI,52, , ,05,I,31, , ,00,NA,767, , ,00,HI,499, , ,00,TI
COOP:509686,VALDEZ WEATHER SERVICE OFFICE AK US,10.7,61.13028,-146.35194,200804,56, , ,25,HI,50, , ,11,I,30, , ,00,NA,410, , ,00,HI,255, , ,00,TI
COOP:509686,VALDEZ WEATHER SERVICE OFFICE AK US,10.7,61.13028,-146.35194,200805,85, , ,15,HI,14, , ,01,I,4, , ,00,NA,275, , ,00,HI,0, , ,00,TI
COOP:509686,VALDEZ WEATHER SERVICE OFFICE AK US,10.7,61.13028,-146.35194,200806,64, , ,22,HI,0, , ,99,I,0, , ,00,NA,194, , ,00,HI,0, , ,00,TI
COOP:509686,VALDEZ WEATHER SERVICE OFFICE AK US,10.7,61.13028,-146.35194,200807,87, , ,17,HI,0, , ,99,I,0, , ,00,NA,583, , ,00,HI,0, , ,00,TI
COOP:509686,VALDEZ WEATHER SERVICE OFFICE AK US,10.7,61.13028,-146.35194,200808,78, , ,10,HI,0, , ,99,I,0, , ,00,NA,423, , ,00,HI,0, , ,00,TI
COOP:509686,VALDEZ WEATHER SERVICE OFFICE AK US,10.7,61.13028,-146.35194,200809,100, , ,09,HI,0, , ,99,I,0, , ,00,NA,962, , ,00,HI,0, , ,00,TI
COOP:509686,VALDEZ WEATHER SERVICE OFFICE AK US,10.7,61.13028,-146.35194,200810,178, , ,10,HI,3, , ,25,I,15, , ,00,NA,662, , ,00,HI,175,I, ,00,TI
COOP:509686,VALDEZ WEATHER SERVICE OFFICE AK US,10.7,61.13028,-146.35194,200811,68, , ,26,HI,27, , ,27,I,25, , ,00,NA,557, , ,00,HI,675, , ,00,TI
COOP:509686,VALDEZ WEATHER SERVICE OFFICE AK US,10.7,61.13028,-146.35194,200812,137, , ,10,HI,34, , ,12,I,31, , ,00,NA,400, , ,00,HI,426, , ,00,TI
COOP:509686,VALDEZ WEATHER SERVICE OFFICE AK US,10.7,61.13028,-146.35194,200901,271, , ,15,HI,52, , ,29,I,31, , ,00,NA,1066, , ,00,HI,527, , ,00,TI
COOP:509686,VALDEZ WEATHER SERVICE OFFICE AK US,10.7,61.13028,-146.35194,200902,44, , ,16,HI,57, , ,17,I,28, , ,00,NA,203, , ,00,HI,439, , ,00,TI
COOP:509686,VALDEZ WEATHER SERVICE OFFICE AK US,10.7,61.13028,-146.35194,200903,63, , ,05,HI,56, , ,06,I,31, , ,00,NA,207, , ,00,HI,360, , ,00,TI
COOP:509686,VALDEZ WEATHER SERVICE OFFICE AK US,10.7,61.13028,-146.35194,200904,24, , ,14,HI,49, , ,01,I,28, , ,00,NA,97, , ,00,HI,63, , ,00,TI
COOP:509686,VALDEZ WEATHER SERVICE OFFICE AK US,10.7,61.13028,-146.35194,200905,36, , ,06,HI,0, , ,99,I,0, , ,00,NA,85, , ,00,HI,0, , ,00,TI
COOP:509686,VALDEZ WEATHER SERVICE OFFICE AK US,10.7,61.13028,-146.35194,200906,34, , ,21,HI,0, , ,99,I,0, , ,00,NA,135, , ,00,HI,0, , ,00,TI
COOP:509686,VALDEZ WEATHER SERVICE OFFICE AK US,10.7,61.13028,-146.35194,200907,76, , ,26,HI,0, , ,99,I,0, , ,00,NA,444, , ,00,HI,0, , ,00,TI
COOP:509686,VALDEZ WEATHER SERVICE OFFICE AK US,10.7,61.13028,-146.35194,200908,196, , ,16,HI,0, , ,99,I,0, , ,00,NA,927, , ,00,HI,0, , ,00,TI
COOP:509686,VALDEZ WEATHER SERVICE OFFICE AK US,10.7,61.13028,-146.35194,200909,160, , ,21,HI,0, , ,99,I,0, , ,00,NA,513, , ,00,HI,0, , ,00,TI
COOP:509686,VALDEZ WEATHER SERVICE OFFICE AK US,10.7,61.13028,-146.35194,200910,69, , ,04,HI,0, , ,99,I,0, , ,00,NA,415, , ,00,HI,0, , ,00,TI
COOP:509686,VALDEZ WEATHER SERVICE OFFICE AK US,10.7,61.13028,-146.35194,200911,102, , ,11,HI,27, , ,13,I,29, , ,00,NA,494, , ,00,HI,644, , ,00,TI
COOP:509686,VALDEZ WEATHER SERVICE OFFICE AK US,10.7,61.13028,-146.35194,200912,204, , ,15,HI,54, , ,17,I,31, , ,00,NA,876, , ,00,HI,945, , ,00,TI
COOP:509686,VALDEZ WEATHER SERVICE OFFICE AK US,10.7,61.13028,-146.35194,201001,56, , ,14,HI,57, , ,18,I,31, , ,00,NA,216, , ,00,HI,479, , ,00,TI
COOP:509686,VALDEZ WEATHER SERVICE OFFICE AK US,10.7,61.13028,-146.35194,201002,93, , ,18,HI,54, , ,26,I,28, , ,00,NA,369, , ,00,HI,390, , ,00,TI
COOP:509686,VALDEZ WEATHER SERVICE OFFICE AK US,10.7,61.13028,-146.35194,201003,83, , ,06,HI,70, , ,12,I,31, , ,00,NA,436, , ,00,HI,481, , ,00,TI
COOP:509686,VALDEZ WEATHER SERVICE OFFICE AK US,10.7,61.13028,-146.35194,201004,169, , ,14,HI,59, , ,01,I,30, , ,00,NA,429, , ,00,HI,248, , ,00,TI
COOP:509686,VALDEZ WEATHER SERVICE OFFICE AK US,10.7,61.13028,-146.35194,201005,44, , ,11,HI,22, , ,01,I,6, , ,00,NA,149, , ,00,HI,0, , ,00,TI
COOP:509686,VALDEZ WEATHER SERVICE OFFICE AK US,10.7,61.13028,-146.35194,201006,51, , ,03,HI,0, , ,99,I,0, , ,00,NA,288, , ,00,HI,0, , ,00,TI
COOP:509686,VALDEZ WEATHER SERVICE OFFICE AK US,10.7,61.13028,-146.35194,201007,81, , ,26,HI,0, , ,99,I,0, , ,00,NA,576, , ,00,HI,0, , ,00,TI
COOP:509686,VALDEZ WEATHER SERVICE OFFICE AK US,10.7,61.13028,-146.35194,201008,122, , ,04,HI,0, , ,99,I,0, , ,00,NA,612, , ,00,HI,0, , ,00,TI
COOP:509686,VALDEZ WEATHER SERVICE OFFICE AK US,10.7,61.13028,-146.35194,201009,175, , ,29,HI,0,T, ,25,I,0, , ,00,NA,564, , ,00,HI,0,T, ,00,TI
COOP:509686,VALDEZ WEATHER SERVICE OFFICE AK US,10.7,61.13028,-146.35194,201010,116, , ,28,HI,5, , ,31,I,4, , ,00,NA,602, , ,00,HI,62, , ,00,TI
COOP:509686,VALDEZ WEATHER SERVICE OFFICE AK US,29,61.1303,-146.3517,201011,141, , ,04,HI,3, , ,01,I,6, , ,00,NA,531, , ,00,HI,37, , ,00,TI
COOP:509686,VALDEZ WEATHER SERVICE OFFICE AK US,29,61.1303,-146.3517,201012,123, , ,31,HI,31, , ,11,I,28, , ,00,NA,444, , ,00,HI,731, , ,00,TI
COOP:509686,VALDEZ WEATHER SERVICE OFFICE AK US,29,61.1303,-146.3517,201101,74, , ,02,HI,21, , ,31,I,8, , ,00, ,511, , ,00,HI,427, , ,00,TI
COOP:509686,VALDEZ WEATHER SERVICE OFFICE AK US,29,61.1303,-146.3517,201102,166, , ,01,HI,42, , ,10,I,5, , ,00, ,465, , ,00,HI,512, , ,00,TI
COOP:509686,VALDEZ WEATHER SERVICE OFFICE AK US,29,61.1303,-146.3517,201103,42, , ,27,HI,27, , ,01,I,3, , ,00, ,103, , ,00,HI,64, , ,00,TI
COOP:509686,VALDEZ WEATHER SERVICE OFFICE AK US,29,61.1303,-146.3517,201104,128, , ,07,HI,22, , ,07,I,2, , ,00, ,417, , ,00,HI,322, , ,00,TI
COOP:509686,VALDEZ WEATHER SERVICE OFFICE AK US,29,61.1303,-146.3517,201105,18, , ,04,HI,0, , ,99,I,0, , ,00, ,82, , ,00,HI,0, , ,00,TI
COOP:509686,VALDEZ WEATHER SERVICE OFFICE AK US,29,61.1303,-146.3517,201106,39, , ,15,HI,0, , ,99,I,0, , ,00, ,162, , ,00,HI,0, , ,00,TI
COOP:509686,VALDEZ WEATHER SERVICE OFFICE AK US,29,61.1303,-146.3517,201107,40, , ,25,HI,0, , ,99,I,0, , ,00, ,323, , ,00,HI,0, , ,00,TI
COOP:509686,VALDEZ WEATHER SERVICE OFFICE AK US,29,61.1303,-146.3517,201108,113, , ,02,HI,0, , ,99,I,0, , ,00, ,941, , ,00,HI,0, , ,00,TI
COOP:509686,VALDEZ WEATHER SERVICE OFFICE AK US,29,61.1303,-146.3517,201109,173, , ,20,HI,0, , ,99,I,0, , ,00, ,762, , ,00,HI,0, , ,00,TI
COOP:509686,VALDEZ WEATHER SERVICE OFFICE AK US,29,61.1303,-146.3517,201110,264, , ,25,HI,2, , ,31,I,1, , ,00, ,836, , ,00,HI,50, , ,00,TI
COOP:509686,VALDEZ WEATHER SERVICE OFFICE AK US,29,61.1303,-146.3517,201111,155, , ,30,HI,28, , ,30,I,11, , ,00, ,534, , ,00,HI,664, , ,00,TI
COOP:509686,VALDEZ WEATHER SERVICE OFFICE AK US,29,61.1303,-146.3517,201112,280, , ,04,HI,58, , ,31,I,26, , ,00, ,1626, , ,00,HI,1522, , ,00,TI
COOP:509686,VALDEZ WEATHER SERVICE OFFICE AK US,29,61.1303,-146.3517,201201,178, , ,06,HI,84, , ,12,I,11, , ,00, ,757, , ,00,HI,1049, , ,00,TI
COOP:509686,VALDEZ WEATHER SERVICE OFFICE AK US,29,61.1303,-146.3517,201202,148, , ,26,HI,97, , ,27,I,15, , ,00, ,810, , ,00,HI,754, , ,00,TI
COOP:509686,VALDEZ WEATHER SERVICE OFFICE AK US,29,61.1303,-146.3517,201203,47, , ,06,HI,100, , ,06,I,7, , ,00, ,120, , ,00,HI,286, , ,00,TI
COOP:509686,VALDEZ WEATHER SERVICE OFFICE AK US,29,61.1303,-146.3517,201204,50, , ,06,HI,78, , ,01,I,2, , ,00, ,159, , ,00,HI,51, , ,00,TI
COOP:509686,VALDEZ WEATHER SERVICE OFFICE AK US,29,61.1303,-146.3517,201205,52, , ,10,HI,26, , ,01,I,0, , ,00, ,442, , ,00,HI,7, , ,00,TI
COOP:509686,VALDEZ WEATHER SERVICE OFFICE AK US,29,61.1303,-146.3517,201206,59, , ,27,HI,0, , ,99,I,0, , ,00, ,318, , ,00,HI,0, , ,00,TI
COOP:509686,VALDEZ WEATHER SERVICE OFFICE AK US,29,61.1303,-146.3517,201207,100, , ,22,HI,0, , ,99,I,0, , ,00, ,434, , ,00,HI,0,I, ,00,TI
COOP:509686,VALDEZ WEATHER SERVICE OFFICE AK US,29,61.1303,-146.3517,201208,102, , ,20,HI,0, , ,99,I,0, , ,00, ,564, , ,00,HI,0, , ,00,TI
COOP:509686,VALDEZ WEATHER SERVICE OFFICE AK US,29,61.1303,-146.3517,201209,426, , ,20,HI,0, , ,99,I,0, , ,00, ,2615, , ,00,HI,0, , ,00,TI
COOP:509686,VALDEZ WEATHER SERVICE OFFICE AK US,29,61.1303,-146.3517,201210,250, , ,05,HI,1, , ,13,I,1, , ,00, ,733, , ,00,HI,16, , ,00,TI
COOP:509686,VALDEZ WEATHER SERVICE OFFICE AK US,29,61.1303,-146.3517,201211,28, , ,14,HI,11, , ,15,I,6, , ,00, ,103, , ,00,HI,189, , ,00,TI
COOP:509686,VALDEZ WEATHER SERVICE OFFICE AK US,29,61.1303,-146.3517,201212,70, , ,12,HI,23, , ,12,I,6, , ,00, ,350, , ,00,HI,422, , ,00,TI
COOP:509686,VALDEZ WEATHER SERVICE OFFICE AK US,29,61.1303,-146.3517,201301,209, , ,14,HI,40, , ,31,I,15, , ,00, ,1096, , ,00,HI,935, , ,00,TI
COOP:509686,VALDEZ WEATHER SERVICE OFFICE AK US,29,61.1303,-146.3517,201302,188, , ,10,HI,57, , ,09,I,17, , ,00, ,693, , ,00,HI,963, , ,00,TI
COOP:509686,VALDEZ WEATHER SERVICE OFFICE AK US,29,61.1303,-146.3517,201303,132, , ,24,HI,71, , ,30,I,10, , ,00, ,542, , ,00,HI,737, , ,00,TI
COOP:509686,VALDEZ WEATHER SERVICE OFFICE AK US,29,61.1303,-146.3517,201304,109, , ,08,HI,84, , ,09,I,5, , ,00, ,290, , ,00,HI,511, , ,00,TI
COOP:509686,VALDEZ WEATHER SERVICE OFFICE AK US,29,61.1303,-146.3517,201305,272, , ,03,HI,49, , ,01,I,7, , ,00, ,1069, , ,00,HI,273, , ,00,TI
COOP:509686,VALDEZ WEATHER SERVICE OFFICE AK US,29,61.1303,-146.3517,201306,115, , ,28,HI,0, , ,99,I,0, , ,00, ,155, , ,00,HI,0, , ,00,TI
COOP:509686,VALDEZ WEATHER SERVICE OFFICE AK US,29,61.1303,-146.3517,201307,77, , ,07,HI,0, , ,99,I,0, , ,00, ,409, , ,00,HI,0, , ,00,TI
COOP:509686,VALDEZ WEATHER SERVICE OFFICE AK US,29,61.1303,-146.3517,201308,198, , ,10,HI,0, , ,99,I,0, , ,00, ,850, , ,00,HI,0, , ,00,TI
COOP:509686,VALDEZ WEATHER SERVICE OFFICE AK US,29,61.1303,-146.3517,201309,215, , ,06,HI,0, , ,99,I,0, , ,00, ,1534, , ,00,HI,0, , ,00,TI
COOP:509686,VALDEZ WEATHER SERVICE OFFICE AK US,29,61.1303,-146.3517,201310,192, , ,28,HI,0, , ,99,I,0, , ,00, ,1782, , ,00,HI,0,T, ,00,TI
COOP:509686,VALDEZ WEATHER SERVICE OFFICE AK US,29,61.1303,-146.3517,201311,348, , ,22,HI,37, , ,24,I,9, , ,00, ,1057, , ,00,HI,804, , ,00,TI
COOP:509686,VALDEZ WEATHER SERVICE OFFICE AK US,29,61.1303,-146.3517,201312,62, , ,22,HI,40, , ,22,I,9, , ,00, ,254, , ,00,HI,439, , ,00,TI
